{
  "sub-user-0" : {
    "transaction" : "sub-user-0",
    "sampleCount" : 500,
    "errorCount" : 0,
    "errorPct" : 0.0,
    "meanResTime" : 95757.12199999987,
    "medianResTime" : 96392.5,
    "minResTime" : 4701.0,
    "maxResTime" : 185422.0,
    "pct1ResTime" : 167980.80000000002,
    "pct2ResTime" : 176910.8,
    "pct3ResTime" : 183956.35,
    "throughput" : 1.565538122418819,
    "receivedKBytesPerSec" : 0.31494223947097333,
    "sentKBytesPerSec" : 0.39749991389540323
  },
  "test-state" : {
    "transaction" : "test-state",
    "sampleCount" : 500,
    "errorCount" : 0,
    "errorPct" : 0.0,
    "meanResTime" : 20220.52,
    "medianResTime" : 20366.0,
    "minResTime" : 429.0,
    "maxResTime" : 38617.0,
    "pct1ResTime" : 35278.7,
    "pct2ResTime" : 36915.9,
    "pct3ResTime" : 38390.98,
    "throughput" : 11.899662049597792,
    "receivedKBytesPerSec" : 3.6024367532962063,
    "sentKBytesPerSec" : 3.184089259365034
  },
  "getTestState" : {
    "transaction" : "getTestState",
    "sampleCount" : 500,
    "errorCount" : 0,
    "errorPct" : 0.0,
    "meanResTime" : 17118.41800000001,
    "medianResTime" : 16065.0,
    "minResTime" : 6035.0,
    "maxResTime" : 101798.0,
    "pct1ResTime" : 25483.700000000004,
    "pct2ResTime" : 26766.8,
    "pct3ResTime" : 63702.38000000001,
    "throughput" : 3.7324574499850702,
    "receivedKBytesPerSec" : 0.9039545386682591,
    "sentKBytesPerSec" : 0.9549842303672738
  },
  "getQuestionWiseAnalysis" : {
    "transaction" : "getQuestionWiseAnalysis",
    "sampleCount" : 500,
    "errorCount" : 0,
    "errorPct" : 0.0,
    "meanResTime" : 21472.648000000016,
    "medianResTime" : 21447.5,
    "minResTime" : 4302.0,
    "maxResTime" : 38814.0,
    "pct1ResTime" : 35638.40000000001,
    "pct2ResTime" : 37376.15,
    "pct3ResTime" : 38610.35,
    "throughput" : 8.463387386167438,
    "receivedKBytesPerSec" : 202.56754047615016,
    "sentKBytesPerSec" : 2.239822247706422
  },
  "sub-user-1" : {
    "transaction" : "sub-user-1",
    "sampleCount" : 500,
    "errorCount" : 0,
    "errorPct" : 0.0,
    "meanResTime" : 92430.62599999997,
    "medianResTime" : 93351.5,
    "minResTime" : 5448.0,
    "maxResTime" : 178168.0,
    "pct1ResTime" : 162568.0,
    "pct2ResTime" : 170751.75,
    "pct3ResTime" : 177141.09,
    "throughput" : 1.7219765535672467,
    "receivedKBytesPerSec" : 86.95140786650549,
    "sentKBytesPerSec" : 0.43890222703227677
  },
  "Send OTP Result" : {
    "transaction" : "Send OTP Result",
    "sampleCount" : 500,
    "errorCount" : 0,
    "errorPct" : 0.0,
    "meanResTime" : 147856.9660000002,
    "medianResTime" : 147879.5,
    "minResTime" : 85866.0,
    "maxResTime" : 173259.0,
    "pct1ResTime" : 168105.4,
    "pct2ResTime" : 171160.94999999998,
    "pct3ResTime" : 173093.51,
    "throughput" : 1.6703860596261009,
    "receivedKBytesPerSec" : 0.4111237689254741,
    "sentKBytesPerSec" : 0.38986549633851375
  },
  "extras" : {
    "transaction" : "extras",
    "sampleCount" : 500,
    "errorCount" : 0,
    "errorPct" : 0.0,
    "meanResTime" : 19342.006000000012,
    "medianResTime" : 19604.5,
    "minResTime" : 2979.0,
    "maxResTime" : 36200.0,
    "pct1ResTime" : 32347.800000000007,
    "pct2ResTime" : 33858.35,
    "pct3ResTime" : 35232.97,
    "throughput" : 8.771314293733772,
    "receivedKBytesPerSec" : 10.107569205669778,
    "sentKBytesPerSec" : 2.2013943100484177
  },
  "Result Login Validation" : {
    "transaction" : "Result Login Validation",
    "sampleCount" : 500,
    "errorCount" : 0,
    "errorPct" : 0.0,
    "meanResTime" : 94649.44599999994,
    "medianResTime" : 97684.0,
    "minResTime" : 2966.0,
    "maxResTime" : 173276.0,
    "pct1ResTime" : 156856.7,
    "pct2ResTime" : 165160.05,
    "pct3ResTime" : 172301.29,
    "throughput" : 2.66699381790833,
    "receivedKBytesPerSec" : 0.7396740666855134,
    "sentKBytesPerSec" : 0.6485170514249747
  },
  "testLeaderboard" : {
    "transaction" : "testLeaderboard",
    "sampleCount" : 500,
    "errorCount" : 0,
    "errorPct" : 0.0,
    "meanResTime" : 38352.00399999999,
    "medianResTime" : 39006.5,
    "minResTime" : 21031.0,
    "maxResTime" : 39430.0,
    "pct1ResTime" : 39343.0,
    "pct2ResTime" : 39352.0,
    "pct3ResTime" : 39369.99,
    "throughput" : 5.411431107070576,
    "receivedKBytesPerSec" : 35.61820865396062,
    "sentKBytesPerSec" : 1.416272985053627
  },
  "menu" : {
    "transaction" : "menu",
    "sampleCount" : 500,
    "errorCount" : 0,
    "errorPct" : 0.0,
    "meanResTime" : 11447.665999999996,
    "medianResTime" : 11124.5,
    "minResTime" : 9015.0,
    "maxResTime" : 23869.0,
    "pct1ResTime" : 13456.7,
    "pct2ResTime" : 13789.45,
    "pct3ResTime" : 19584.590000000004,
    "throughput" : 11.383816766085333,
    "receivedKBytesPerSec" : 6.025418639861573,
    "sentKBytesPerSec" : 2.8459541915213333
  },
  "Submit OTP Result" : {
    "transaction" : "Submit OTP Result",
    "sampleCount" : 500,
    "errorCount" : 251,
    "errorPct" : 50.2,
    "meanResTime" : 155898.21399999986,
    "medianResTime" : 155005.5,
    "minResTime" : 124583.0,
    "maxResTime" : 187501.0,
    "pct1ResTime" : 181528.6,
    "pct2ResTime" : 184212.19999999998,
    "pct3ResTime" : 186848.14,
    "throughput" : 1.2492254802022744,
    "receivedKBytesPerSec" : 0.43532092134126843,
    "sentKBytesPerSec" : 0.31474626356658875
  },
  "userProfile" : {
    "transaction" : "userProfile",
    "sampleCount" : 500,
    "errorCount" : 0,
    "errorPct" : 0.0,
    "meanResTime" : 102566.00200000001,
    "medianResTime" : 102859.5,
    "minResTime" : 18076.0,
    "maxResTime" : 177245.0,
    "pct1ResTime" : 163428.6,
    "pct2ResTime" : 169741.55,
    "pct3ResTime" : 176253.42,
    "throughput" : 2.3727494471493786,
    "receivedKBytesPerSec" : 3.1536249976272503,
    "sentKBytesPerSec" : 0.6001387761832901
  },
  "referral_page" : {
    "transaction" : "referral_page",
    "sampleCount" : 500,
    "errorCount" : 0,
    "errorPct" : 0.0,
    "meanResTime" : 10317.949999999999,
    "medianResTime" : 10113.0,
    "minResTime" : 9028.0,
    "maxResTime" : 31574.0,
    "pct1ResTime" : 11350.5,
    "pct2ResTime" : 11631.65,
    "pct3ResTime" : 12381.070000000005,
    "throughput" : 9.68447965290825,
    "receivedKBytesPerSec" : 167.21805150690503,
    "sentKBytesPerSec" : 2.5062374101764515
  },
  "get-priority" : {
    "transaction" : "get-priority",
    "sampleCount" : 500,
    "errorCount" : 0,
    "errorPct" : 0.0,
    "meanResTime" : 18954.32199999999,
    "medianResTime" : 18955.5,
    "minResTime" : 6194.0,
    "maxResTime" : 32775.0,
    "pct1ResTime" : 29167.0,
    "pct2ResTime" : 30465.6,
    "pct3ResTime" : 32497.02,
    "throughput" : 8.61014964440082,
    "receivedKBytesPerSec" : 3.859432311308571,
    "sentKBytesPerSec" : 2.287070999293968
  },
  "sub-user" : {
    "transaction" : "sub-user",
    "sampleCount" : 500,
    "errorCount" : 0,
    "errorPct" : 0.0,
    "meanResTime" : 188192.23800000013,
    "medianResTime" : 186945.0,
    "minResTime" : 106580.0,
    "maxResTime" : 261462.0,
    "pct1ResTime" : 212772.0,
    "pct2ResTime" : 230789.99999999997,
    "pct3ResTime" : 256666.96000000002,
    "throughput" : 1.1246468608856819,
    "receivedKBytesPerSec" : 57.015422352693754,
    "sentKBytesPerSec" : 0.572208021993594
  },
  "updateModal" : {
    "transaction" : "updateModal",
    "sampleCount" : 500,
    "errorCount" : 0,
    "errorPct" : 0.0,
    "meanResTime" : 24060.608000000007,
    "medianResTime" : 24281.0,
    "minResTime" : 11501.0,
    "maxResTime" : 32610.0,
    "pct1ResTime" : 31057.9,
    "pct2ResTime" : 31862.05,
    "pct3ResTime" : 32431.99,
    "throughput" : 9.335673475484521,
    "receivedKBytesPerSec" : 11.69694245024086,
    "sentKBytesPerSec" : 2.361268974756339
  },
  "olympiadTestCard" : {
    "transaction" : "olympiadTestCard",
    "sampleCount" : 500,
    "errorCount" : 0,
    "errorPct" : 0.0,
    "meanResTime" : 34904.09199999999,
    "medianResTime" : 35255.5,