{
  "sub-user-0" : {
    "transaction" : "sub-user-0",
    "sampleCount" : 100,
    "errorCount" : 0,
    "errorPct" : 0.0,
    "meanResTime" : 16837.87,
    "medianResTime" : 16612.5,
    "minResTime" : 218.0,
    "maxResTime" : 36689.0,
    "pct1ResTime" : 30906.600000000006,
    "pct2ResTime" : 32034.8,
    "pct3ResTime" : 36652.279999999984,
    "throughput" : 1.4201116207733926,
    "receivedKBytesPerSec" : 0.28568651746027235,
    "sentKBytesPerSec" : 0.36196204396665577
  },
  "test-state" : {
    "transaction" : "test-state",
    "sampleCount" : 100,
    "errorCount" : 0,
    "errorPct" : 0.0,
    "meanResTime" : 4068.88,
    "medianResTime" : 4024.0,
    "minResTime" : 229.0,
    "maxResTime" : 8841.0,
    "pct1ResTime" : 7176.1,
    "pct2ResTime" : 7539.4,
    "pct3ResTime" : 8829.069999999994,
    "throughput" : 5.7019044360816515,
    "receivedKBytesPerSec" : 1.726162475766906,
    "sentKBytesPerSec" : 1.5312731639867716
  },
  "getTestState" : {
    "transaction" : "getTestState",
    "sampleCount" : 100,
    "errorCount" : 0,
    "errorPct" : 0.0,
    "meanResTime" : 3491.6300000000015,
    "medianResTime" : 3468.5,
    "minResTime" : 1391.0,
    "maxResTime" : 5905.0,
    "pct1ResTime" : 5300.200000000001,
    "pct2ResTime" : 5576.45,
    "pct3ResTime" : 5904.9,
    "throughput" : 6.722689075630252,
    "receivedKBytesPerSec" : 1.6281512605042017,
    "sentKBytesPerSec" : 1.7266281512605042
  },
  "sub-login" : {
    "transaction" : "sub-login",
    "sampleCount" : 100,
    "errorCount" : 0,
    "errorPct" : 0.0,
    "meanResTime" : 20229.589999999997,
    "medianResTime" : 20502.5,
    "minResTime" : 3237.0,
    "maxResTime" : 37590.0,
    "pct1ResTime" : 34155.9,
    "pct2ResTime" : 35966.65,
    "pct3ResTime" : 37584.079999999994,
    "throughput" : 2.650551314673452,
    "receivedKBytesPerSec" : 0.8826542952184054,
    "sentKBytesPerSec" : 0.6936989768871925
  },
  "getQuestionWiseAnalysis" : {
    "transaction" : "getQuestionWiseAnalysis",
    "sampleCount" : 100,
    "errorCount" : 0,
    "errorPct" : 0.0,
    "meanResTime" : 4518.210000000001,
    "medianResTime" : 4492.5,
    "minResTime" : 1080.0,
    "maxResTime" : 9067.0,
    "pct1ResTime" : 7473.500000000001,
    "pct2ResTime" : 7775.95,
    "pct3ResTime" : 9055.109999999993,
    "throughput" : 5.438329345225147,
    "receivedKBytesPerSec" : 130.16407609582336,
    "sentKBytesPerSec" : 1.4445562323254295
  },
  "sub-user-1" : {
    "transaction" : "sub-user-1",
    "sampleCount" : 100,
    "errorCount" : 0,
    "errorPct" : 0.0,
    "meanResTime" : 19741.68,
    "medianResTime" : 19661.0,
    "minResTime" : 1849.0,
    "maxResTime" : 37344.0,
    "pct1ResTime" : 34893.40000000001,
    "pct2ResTime" : 36112.15,
    "pct3ResTime" : 37342.92,
    "throughput" : 2.2581519284617473,
    "receivedKBytesPerSec" : 114.02564625485503,
    "sentKBytesPerSec" : 0.5777693410712673
  },
  "extras" : {
    "transaction" : "extras",
    "sampleCount" : 100,
    "errorCount" : 0,
    "errorPct" : 0.0,
    "meanResTime" : 4154.24,
    "medianResTime" : 4137.5,
    "minResTime" : 855.0,
    "maxResTime" : 7406.0,
    "pct1ResTime" : 6931.100000000001,
    "pct2ResTime" : 7166.85,
    "pct3ResTime" : 7405.5199999999995,
    "throughput" : 4.5075501464953796,
    "receivedKBytesPerSec" : 5.189845334685598,
    "sentKBytesPerSec" : 1.1356913455037188
  },
  "testLeaderboard" : {
    "transaction" : "testLeaderboard",
    "sampleCount" : 100,
    "errorCount" : 0,
    "errorPct" : 0.0,
    "meanResTime" : 7346.220000000001,
    "medianResTime" : 7369.5,
    "minResTime" : 4970.0,
    "maxResTime" : 7778.0,
    "pct1ResTime" : 7450.5,
    "pct2ResTime" : 7513.95,
    "pct3ResTime" : 7776.019999999999,
    "throughput" : 4.226185445017327,
    "receivedKBytesPerSec" : 27.816884667399208,
    "sentKBytesPerSec" : 1.1101991061617784
  },
  "menu" : {
    "transaction" : "menu",
    "sampleCount" : 100,
    "errorCount" : 0,
    "errorPct" : 0.0,
    "meanResTime" : 2371.0499999999997,
    "medianResTime" : 2312.5,
    "minResTime" : 1919.0,
    "maxResTime" : 6552.0,
    "pct1ResTime" : 2677.8,
    "pct2ResTime" : 2711.8,
    "pct3ResTime" : 6514.069999999981,
    "throughput" : 7.870916961826053,
    "receivedKBytesPerSec" : 4.166051751279024,
    "sentKBytesPerSec" : 1.9754156828020464
  },
  "userProfile" : {
    "transaction" : "userProfile",
    "sampleCount" : 100,
    "errorCount" : 0,
    "errorPct" : 0.0,
    "meanResTime" : 20653.879999999994,
    "medianResTime" : 20665.5,
    "minResTime" : 3482.0,
    "maxResTime" : 35756.0,
    "pct1ResTime" : 33114.3,
    "pct2ResTime" : 34809.45,
    "pct3ResTime" : 35755.83,
    "throughput" : 2.177842629091622,
    "receivedKBytesPerSec" : 2.8945740412047822,
    "sentKBytesPerSec" : 0.5529678550427946
  },
  "referral_page" : {
    "transaction" : "referral_page",
    "sampleCount" : 100,
    "errorCount" : 0,
    "errorPct" : 0.0,
    "meanResTime" : 2429.4299999999994,
    "medianResTime" : 2412.5,
    "minResTime" : 1940.0,
    "maxResTime" : 6518.0,
    "pct1ResTime" : 2576.5,
    "pct2ResTime" : 2613.75,
    "pct3ResTime" : 6496.399999999989,
    "throughput" : 6.055468087683178,
    "receivedKBytesPerSec" : 104.55735474445925,
    "sentKBytesPerSec" : 1.5730024524645756
  },
  "get-priority" : {
    "transaction" : "get-priority",
    "sampleCount" : 100,
    "errorCount" : 0,
    "errorPct" : 0.0,
    "meanResTime" : 4475.219999999999,
    "medianResTime" : 4473.0,
    "minResTime" : 2363.0,
    "maxResTime" : 6306.0,
    "pct1ResTime" : 5977.5,
    "pct2ResTime" : 6157.3,
    "pct3ResTime" : 6305.62,
    "throughput" : 7.898894154818325,
    "receivedKBytesPerSec" : 2.4761181872037916,
    "sentKBytesPerSec" : 2.1058575236966823
  },
  "olympiad-dashboard" : {
    "transaction" : "olympiad-dashboard",
    "sampleCount" : 100,
    "errorCount" : 0,
    "errorPct" : 0.0,
    "meanResTime" : 4895.37,
    "medianResTime" : 4953.0,
    "minResTime" : 199.0,
    "maxResTime" : 9252.0,
    "pct1ResTime" : 8565.0,
    "pct2ResTime" : 8955.4,
    "pct3ResTime" : 9250.939999999999,
    "throughput" : 9.813542688910697,
    "receivedKBytesPerSec" : 111.8303023797841,
    "sentKBytesPerSec" : 2.635472890088322
  },
  "sub-user" : {
    "transaction" : "sub-user",
    "sampleCount" : 100,
    "errorCount" : 0,
    "errorPct" : 0.0,
    "meanResTime" : 36579.630000000005,
    "medianResTime" : 36582.5,
    "minResTime" : 34209.0,
    "maxResTime" : 43565.0,
    "pct1ResTime" : 37827.0,
    "pct2ResTime" : 38322.549999999996,
    "pct3ResTime" : 43521.699999999975,
    "throughput" : 1.2937782205374355,
    "receivedKBytesPerSec" : 65.5897546511327,
    "sentKBytesPerSec" : 0.6607871184971472
  },
  "updateModal" : {
    "transaction" : "updateModal",
    "sampleCount" : 100,
    "errorCount" : 0,
    "errorPct" : 0.0,
    "meanResTime" : 2724.0200000000004,
    "medianResTime" : 2723.0,
    "minResTime" : 2442.0,
    "maxResTime" : 2778.0,
    "pct1ResTime" : 2771.9,
    "pct2ResTime" : 2775.0,
    "pct3ResTime" : 2777.99,
    "throughput" : 11.301989150090415,
    "receivedKBytesPerSec" : 14.160597733951175,
    "sentKBytesPerSec" : 2.8696456826401446
  },
  "olympiadTestCard" : {
    "transaction" : "olympiadTestCard",
    "sampleCount" : 100,
    "errorCount" : 0,
    "errorPct" : 0.0,
    "meanResTime" : 6860.679999999998,
    "medianResTime" : 6852.5,
    "minResTime" : 1433.0,
    "maxResTime" : 11066.0,
    "pct1ResTime" : 10350.0,
    "pct2ResTime" : 10852.199999999999,
    "pct3ResTime" : 11065.449999999999,
    "throughput" : 6.268806419257774,
    "receivedKBytesPerSec" : 13.106947796514543,
    "sentKBytesPerSec" : 1.6284204175025074
  },
  "Total" : {
    "transaction" : "Total",
    "sampleCount" : 2200,
    "errorCount" : 0,
    "errorPct" : 0.0,
    "meanResTime" : 8397.454999999982,
    "medianResTime" : 4915.5,
    "minResTime" : 199.0,
    "maxResTime" : 43565.0,
    "pct1ResTime" : 26293.2,
    "pct2ResTime" : 35298.499999999985,