{
  "sub-user-0" : {
    "transaction" : "sub-user-0",
    "sampleCount" : 500,
    "errorCount" : 0,
    "errorPct" : 0.0,
    "meanResTime" : 20449.464,
    "medianResTime" : 3015.5,
    "minResTime" : 1977.0,
    "maxResTime" : 122212.0,
    "pct1ResTime" : 73404.30000000002,
    "pct2ResTime" : 86775.5,
    "pct3ResTime" : 94110.87,
    "throughput" : 3.8530003313580283,
    "receivedKBytesPerSec" : 0.7751153010349159,
    "sentKBytesPerSec" : 0.9783008653838744
  },
  "Search for Test Users" : {
    "transaction" : "Search for Test Users",
    "sampleCount" : 500,
    "errorCount" : 0,
    "errorPct" : 0.0,
    "meanResTime" : 33984.68,
    "medianResTime" : 31040.0,
    "minResTime" : 7857.0,
    "maxResTime" : 69784.0,
    "pct1ResTime" : 51626.700000000026,
    "pct2ResTime" : 64127.99999999999,
    "pct3ResTime" : 69337.28,
    "throughput" : 4.868549172346641,
    "receivedKBytesPerSec" : 32.69154698149951,
    "sentKBytesPerSec" : 1.3978061100292112
  },
  "General Submit OTP" : {
    "transaction" : "General Submit OTP",
    "sampleCount" : 500,
    "errorCount" : 0,
    "errorPct" : 0.0,
    "meanResTime" : 52680.242,
    "medianResTime" : 61082.0,
    "minResTime" : 2962.0,
    "maxResTime" : 87430.0,
    "pct1ResTime" : 79040.30000000002,
    "pct2ResTime" : 82275.2,
    "pct3ResTime" : 86947.5,
    "throughput" : 3.7768914672467973,
    "receivedKBytesPerSec" : 1.010613537134397,
    "sentKBytesPerSec" : 0.9479112373851826
  },
  "Test Users Login" : {
    "transaction" : "Test Users Login",
    "sampleCount" : 500,
    "errorCount" : 0,
    "errorPct" : 0.0,
    "meanResTime" : 14421.479999999987,
    "medianResTime" : 5075.5,
    "minResTime" : 1995.0,
    "maxResTime" : 41513.0,
    "pct1ResTime" : 38068.2,
    "pct2ResTime" : 41207.9,
    "pct3ResTime" : 41466.97,
    "throughput" : 9.698944754810677,
    "receivedKBytesPerSec" : 3.2203527506207323,
    "sentKBytesPerSec" : 2.3679064342799503
  },
  "test-state" : {
    "transaction" : "test-state",
    "sampleCount" : 500,
    "errorCount" : 0,
    "errorPct" : 0.0,
    "meanResTime" : 16554.39199999999,
    "medianResTime" : 19384.0,
    "minResTime" : 262.0,
    "maxResTime" : 27245.0,
    "pct1ResTime" : 24703.800000000003,
    "pct2ResTime" : 25684.8,
    "pct3ResTime" : 27030.99,
    "throughput" : 11.954001004136085,
    "receivedKBytesPerSec" : 3.61888702273651,
    "sentKBytesPerSec" : 3.198629174934851
  },
  "getTestState" : {
    "transaction" : "getTestState",
    "sampleCount" : 500,
    "errorCount" : 0,
    "errorPct" : 0.0,
    "meanResTime" : 32541.642000000018,
    "medianResTime" : 20293.0,
    "minResTime" : 11766.0,
    "maxResTime" : 75519.0,
    "pct1ResTime" : 68493.6,
    "pct2ResTime" : 73575.85,
    "pct3ResTime" : 74433.61,
    "throughput" : 4.409054434186045,
    "receivedKBytesPerSec" : 1.0678178707794326,
    "sentKBytesPerSec" : 1.12809791187182
  },
  "General Send OTP" : {
    "transaction" : "General Send OTP",
    "sampleCount" : 500,
    "errorCount" : 0,
    "errorPct" : 0.0,
    "meanResTime" : 55021.352000000035,
    "medianResTime" : 62386.5,
    "minResTime" : 6397.0,
    "maxResTime" : 89109.0,
    "pct1ResTime" : 80167.20000000001,
    "pct2ResTime" : 83749.45,
    "pct3ResTime" : 88117.61,
    "throughput" : 3.691617075943946,
    "receivedKBytesPerSec" : 0.9089813928655808,
    "sentKBytesPerSec" : 1.0058214494026962
  },
  "getQuestionWiseAnalysis" : {
    "transaction" : "getQuestionWiseAnalysis",
    "sampleCount" : 500,
    "errorCount" : 0,
    "errorPct" : 0.0,
    "meanResTime" : 20987.064,
    "medianResTime" : 21044.5,
    "minResTime" : 12704.0,
    "maxResTime" : 27538.0,
    "pct1ResTime" : 25041.9,
    "pct2ResTime" : 25941.65,
    "pct3ResTime" : 27292.69,
    "throughput" : 8.937668698496683,
    "receivedKBytesPerSec" : 213.91925989399925,
    "sentKBytesPerSec" : 2.3653400559498063
  },
  "sub-user-1" : {
    "transaction" : "sub-user-1",
    "sampleCount" : 500,
    "errorCount" : 0,
    "errorPct" : 0.0,
    "meanResTime" : 77419.73799999998,
    "medianResTime" : 92550.0,
    "minResTime" : 3115.0,
    "maxResTime" : 123283.0,
    "pct1ResTime" : 112544.20000000003,
    "pct2ResTime" : 116878.95,
    "pct3ResTime" : 122231.89,
    "throughput" : 2.483571176666352,
    "receivedKBytesPerSec" : 125.40821760926471,
    "sentKBytesPerSec" : 0.6330196065526542
  },
  "extras" : {
    "transaction" : "extras",
    "sampleCount" : 500,
    "errorCount" : 0,
    "errorPct" : 0.0,
    "meanResTime" : 19412.784,
    "medianResTime" : 19191.5,
    "minResTime" : 3351.0,
    "maxResTime" : 35954.0,
    "pct1ResTime" : 32819.8,
    "pct2ResTime" : 34617.95,
    "pct3ResTime" : 35820.99,
    "throughput" : 7.232331414354732,
    "receivedKBytesPerSec" : 8.334131903260335,
    "sentKBytesPerSec" : 1.8151456772355137
  },
  "testLeaderboard" : {
    "transaction" : "testLeaderboard",
    "sampleCount" : 500,
    "errorCount" : 0,
    "errorPct" : 0.0,
    "meanResTime" : 32338.798000000017,
    "medianResTime" : 35432.5,
    "minResTime" : 16454.0,
    "maxResTime" : 35942.0,
    "pct1ResTime" : 35856.8,
    "pct2ResTime" : 35880.95,
    "pct3ResTime" : 35921.99,
    "throughput" : 5.5446510751078435,
    "receivedKBytesPerSec" : 36.49506664670592,
    "sentKBytesPerSec" : 1.4511391485633809
  },
  "menu" : {
    "transaction" : "menu",
    "sampleCount" : 500,
    "errorCount" : 0,
    "errorPct" : 0.0,
    "meanResTime" : 13131.372000000001,
    "medianResTime" : 11300.0,
    "minResTime" : 9600.0,
    "maxResTime" : 19769.0,
    "pct1ResTime" : 18851.8,
    "pct2ResTime" : 19427.05,
    "pct3ResTime" : 19672.89,
    "throughput" : 11.00957833314984,
    "receivedKBytesPerSec" : 5.827335406803919,
    "sentKBytesPerSec" : 2.7523945832874603
  },
  "userProfile" : {
    "transaction" : "userProfile",
    "sampleCount" : 500,
    "errorCount" : 0,
    "errorPct" : 0.0,
    "meanResTime" : 82485.508,
    "medianResTime" : 97479.5,
    "minResTime" : 12384.0,
    "maxResTime" : 122321.0,
    "pct1ResTime" : 111989.20000000001,
    "pct2ResTime" : 115223.95,
    "pct3ResTime" : 121331.67,
    "throughput" : 2.3664046267943264,
    "receivedKBytesPerSec" : 3.1451920869795686,
    "sentKBytesPerSec" : 0.5985339827536431
  },
  "referral_page" : {
    "transaction" : "referral_page",
    "sampleCount" : 500,
    "errorCount" : 0,
    "errorPct" : 0.0,
    "meanResTime" : 14967.648000000007,
    "medianResTime" : 10282.5,
    "minResTime" : 9597.0,
    "maxResTime" : 40909.0,
    "pct1ResTime" : 30080.8,
    "pct2ResTime" : 33252.95,
    "pct3ResTime" : 36128.15,
    "throughput" : 7.703448063353157,
    "receivedKBytesPerSec" : 133.0123683673312,
    "sentKBytesPerSec" : 1.993568102332604
  },
  "get-priority" : {
    "transaction" : "get-priority",
    "sampleCount" : 500,
    "errorCount" : 0,
    "errorPct" : 0.0,
    "meanResTime" : 19321.693999999985,
    "medianResTime" : 20256.0,
    "minResTime" : 11934.0,
    "maxResTime" : 24565.0,
    "pct1ResTime" : 23416.5,
    "pct2ResTime" : 23614.2,
    "pct3ResTime" : 24410.34,
    "throughput" : 8.738203425375744,
    "receivedKBytesPerSec" : 3.916831418210416,
    "sentKBytesPerSec" : 2.3210852848654318
  },
  "sub-user" : {
    "transaction" : "sub-user",
    "sampleCount" : 500,
    "errorCount" : 0,
    "errorPct" : 0.0,
    "meanResTime" : 97869.41400000002,
    "medianResTime" : 95671.0,
    "minResTime" : 6527.0,
    "maxResTime" : 198785.0,
    "pct1ResTime" : 175554.0,
    "pct2ResTime" : 185898.94999999998,
    "pct3ResTime" : 193583.63,
    "throughput" : 2.4418474040720244,
    "receivedKBytesPerSec" : 123.7926018433506,
    "sentKBytesPerSec" : 1.2423852514858642
  },
  "updateModal" : {
    "transaction" : "updateModal",
    "sampleCount" : 500,
    "errorCount" : 0,
    "errorPct" : 0.0,
    "meanResTime" : 19987.79,
    "medianResTime" : 22012.5,
    "minResTime" : 10350.0,
    "maxResTime" : 24367.0,
    "pct1ResTime" : 23352.7,
    "pct2ResTime" : 23702.9,