{
  "sub-user-0" : {
    "transaction" : "sub-user-0",
    "sampleCount" : 386,
    "errorCount" : 0,
    "errorPct" : 0.0,
    "meanResTime" : 88912.34455958546,
    "medianResTime" : 88832.5,
    "minResTime" : 5937.0,
    "maxResTime" : 170961.0,
    "pct1ResTime" : 158693.4,
    "pct2ResTime" : 164853.55,
    "pct3ResTime" : 170086.31,
    "throughput" : 1.927811933455528,
    "receivedKBytesPerSec" : 0.3878117867470421,
    "sentKBytesPerSec" : 0.48947374417536094
  },
  "test-state" : {
    "transaction" : "test-state",
    "sampleCount" : 500,
    "errorCount" : 1,
    "errorPct" : 0.2,
    "meanResTime" : 16327.437999999987,
    "medianResTime" : 16269.0,
    "minResTime" : 573.0,
    "maxResTime" : 33249.0,
    "pct1ResTime" : 28772.4,
    "pct2ResTime" : 30010.149999999998,
    "pct3ResTime" : 32826.26,
    "throughput" : 1.9742245246067345,
    "receivedKBytesPerSec" : 0.5977234661756112,
    "sentKBytesPerSec" : 0.5282592966232863
  },
  "getTestState" : {
    "transaction" : "getTestState",
    "sampleCount" : 500,
    "errorCount" : 128,
    "errorPct" : 25.6,
    "meanResTime" : 19937.884000000002,
    "medianResTime" : 16669.0,
    "minResTime" : 10.0,
    "maxResTime" : 130290.0,
    "pct1ResTime" : 39700.4,
    "pct2ResTime" : 45533.399999999994,
    "pct3ResTime" : 108974.26000000002,
    "throughput" : 1.9663904543541786,
    "receivedKBytesPerSec" : 0.5140882044102205,
    "sentKBytesPerSec" : 0.5050282140160379
  },
  "sub-login" : {
    "transaction" : "sub-login",
    "sampleCount" : 500,
    "errorCount" : 0,
    "errorPct" : 0.0,
    "meanResTime" : 97147.22599999998,
    "medianResTime" : 104003.0,
    "minResTime" : 2029.0,
    "maxResTime" : 172278.0,
    "pct1ResTime" : 155430.2,
    "pct2ResTime" : 164070.84999999998,
    "pct3ResTime" : 170386.91,
    "throughput" : 2.589559930185464,
    "receivedKBytesPerSec" : 0.8623234567517596,
    "sentKBytesPerSec" : 0.6641462560789919
  },
  "getQuestionWiseAnalysis" : {
    "transaction" : "getQuestionWiseAnalysis",
    "sampleCount" : 500,
    "errorCount" : 1,
    "errorPct" : 0.2,
    "meanResTime" : 21360.463999999985,
    "medianResTime" : 20439.0,
    "minResTime" : 2505.0,
    "maxResTime" : 33638.0,
    "pct1ResTime" : 30090.300000000003,
    "pct2ResTime" : 32221.7,
    "pct3ResTime" : 33280.63,
    "throughput" : 1.9592783585949625,
    "receivedKBytesPerSec" : 58.14786875822897,
    "sentKBytesPerSec" : 0.5204218338551545
  },
  "sub-user-1" : {
    "transaction" : "sub-user-1",
    "sampleCount" : 386,
    "errorCount" : 0,
    "errorPct" : 0.0,
    "meanResTime" : 40163.474093264245,
    "medianResTime" : 38824.5,
    "minResTime" : 6029.0,
    "maxResTime" : 81997.0,
    "pct1ResTime" : 73326.9,
    "pct2ResTime" : 76400.9,
    "pct3ResTime" : 78732.15,
    "throughput" : 3.263911789824374,
    "receivedKBytesPerSec" : 89.02300744685573,
    "sentKBytesPerSec" : 0.8318985016446394
  },
  "extras" : {
    "transaction" : "extras",
    "sampleCount" : 500,
    "errorCount" : 1,
    "errorPct" : 0.2,
    "meanResTime" : 18794.363999999987,
    "medianResTime" : 18020.0,
    "minResTime" : 501.0,
    "maxResTime" : 55566.0,
    "pct1ResTime" : 28111.2,
    "pct2ResTime" : 30143.85,
    "pct3ResTime" : 31170.96,
    "throughput" : 2.2738538639598707,
    "receivedKBytesPerSec" : 2.592846249675976,
    "sentKBytesPerSec" : 0.5728912634555302
  },
  "testLeaderboard" : {
    "transaction" : "testLeaderboard",
    "sampleCount" : 500,
    "errorCount" : 2,
    "errorPct" : 0.4,
    "meanResTime" : 26530.088000000018,
    "medianResTime" : 29425.0,
    "minResTime" : 16.0,
    "maxResTime" : 33586.0,
    "pct1ResTime" : 32096.5,
    "pct2ResTime" : 32719.9,
    "pct3ResTime" : 33424.76,
    "throughput" : 2.2293859825126963,
    "receivedKBytesPerSec" : 20.013067336931563,
    "sentKBytesPerSec" : 0.5856492473592924
  },
  "menu" : {
    "transaction" : "menu",
    "sampleCount" : 500,
    "errorCount" : 37,
    "errorPct" : 7.4,
    "meanResTime" : 14590.016000000003,
    "medianResTime" : 12414.0,
    "minResTime" : 2.0,
    "maxResTime" : 107192.0,
    "pct1ResTime" : 19638.800000000003,
    "pct2ResTime" : 21224.85,
    "pct3ResTime" : 59193.170000000006,
    "throughput" : 1.7750260928835653,
    "receivedKBytesPerSec" : 0.8768351551017801,
    "sentKBytesPerSec" : 0.44547954659621
  },
  "userProfile" : {
    "transaction" : "userProfile",
    "sampleCount" : 500,
    "errorCount" : 79,
    "errorPct" : 15.8,
    "meanResTime" : 53748.63199999998,
    "medianResTime" : 59116.0,
    "minResTime" : 11.0,
    "maxResTime" : 128896.0,
    "pct1ResTime" : 79054.1,
    "pct2ResTime" : 97500.04999999999,
    "pct3ResTime" : 114830.11000000002,
    "throughput" : 2.0616601312040506,
    "receivedKBytesPerSec" : 2.427918885528383,
    "sentKBytesPerSec" : 0.5234563126486973
  },
  "referral_page" : {
    "transaction" : "referral_page",
    "sampleCount" : 500,
    "errorCount" : 18,
    "errorPct" : 3.6,
    "meanResTime" : 14548.204000000016,
    "medianResTime" : 12759.5,
    "minResTime" : 1.0,
    "maxResTime" : 113757.0,
    "pct1ResTime" : 16900.0,
    "pct2ResTime" : 20183.449999999997,
    "pct3ResTime" : 64869.98000000001,
    "throughput" : 1.6993623992278097,
    "receivedKBytesPerSec" : 28.360596018436382,
    "sentKBytesPerSec" : 0.44142597853535354
  },
  "get-priority" : {
    "transaction" : "get-priority",
    "sampleCount" : 500,
    "errorCount" : 55,
    "errorPct" : 11.0,
    "meanResTime" : 23718.891999999993,
    "medianResTime" : 18014.5,
    "minResTime" : 1.0,
    "maxResTime" : 130910.0,
    "pct1ResTime" : 57791.5,
    "pct2ResTime" : 61237.5,
    "pct3ResTime" : 92583.03000000017,
    "throughput" : 1.8168142525444484,
    "receivedKBytesPerSec" : 0.7629661775045693,
    "sentKBytesPerSec" : 0.48435487310460856
  },
  "sub-user" : {
    "transaction" : "sub-user",
    "sampleCount" : 500,
    "errorCount" : 114,
    "errorPct" : 22.8,
    "meanResTime" : 99730.76599999999,
    "medianResTime" : 99902.5,
    "minResTime" : 1.0,
    "maxResTime" : 181307.0,
    "pct1ResTime" : 170042.80000000002,
    "pct2ResTime" : 174561.75,
    "pct3ResTime" : 178577.65,
    "throughput" : 1.8640093349587497,
    "receivedKBytesPerSec" : 39.6734254188895,
    "sentKBytesPerSec" : 0.8400493007168981
  },
  "updateModal" : {
    "transaction" : "updateModal",
    "sampleCount" : 500,
    "errorCount" : 62,
    "errorPct" : 12.4,
    "meanResTime" : 17659.346000000005,
    "medianResTime" : 15998.5,
    "minResTime" : 1.0,
    "maxResTime" : 126464.0,
    "pct1ResTime" : 21385.5,
    "pct2ResTime" : 54305.85,
    "pct3ResTime" : 74874.00000000009,
    "throughput" : 1.771341117787099,
    "receivedKBytesPerSec" : 2.0109530601246317,
    "sentKBytesPerSec" : 0.44974420173626856
  },
  "olympiadTestCard" : {
    "transaction" : "olympiadTestCard",
    "sampleCount" : 500,
    "errorCount" : 12,
    "errorPct" : 2.4,
    "meanResTime" : 14049.015999999998,
    "medianResTime" : 13305.0,
    "minResTime" : 7.0,
    "maxResTime" : 85988.0,
    "pct1ResTime" : 15966.7,
    "pct2ResTime" : 17146.75,
    "pct3ResTime" : 33828.29,
    "throughput" : 1.78768073452226,
    "receivedKBytesPerSec" : 2.7852764156643737,
    "sentKBytesPerSec" : 0.46436752861183017
  },
  "Total" : {
    "transaction" : "Total",
    "sampleCount" : 9772,
    "errorCount" : 532,
    "errorPct" : 5.444126,
    "meanResTime" : 32002.536635284327,
    "medianResTime" : 17271.0,
    "minResTime" : 1.0,
    "maxResTime" : 181307.0,
    "pct1ResTime" : 79114.20000000004,
    "pct2ResTime" : 129043.15000000001,
    "pct3ResTime" : 166138.1800000001,
    "throughput" : 17.566503561117845,
    "receivedKBytesPerSec" : 100.38975988745,
    "sentKBytesPerSec" : 4.738308158370875
  },
  "checkLQLiveUpsell" : {
    "transaction" : "checkLQLiveUpsell",
    "sampleCount" : 500,
    "errorCount" : 5,
    "errorPct" : 1.0,
    "meanResTime" : 12291.269999999999,
    "medianResTime" : 12101.0,