{
  "sub-user-0" : {
    "transaction" : "sub-user-0",
    "sampleCount" : 500,
    "errorCount" : 0,
    "errorPct" : 0.0,
    "meanResTime" : 95144.46199999996,
    "medianResTime" : 94268.0,
    "minResTime" : 4579.0,
    "maxResTime" : 192611.0,
    "pct1ResTime" : 171006.8,
    "pct2ResTime" : 182250.8,
    "pct3ResTime" : 191106.8,
    "throughput" : 1.894061360011819,
    "receivedKBytesPerSec" : 0.38103187515862763,
    "sentKBytesPerSec" : 0.4809140171905009
  },
  "test-state" : {
    "transaction" : "test-state",
    "sampleCount" : 500,
    "errorCount" : 0,
    "errorPct" : 0.0,
    "meanResTime" : 20444.262000000006,
    "medianResTime" : 20623.5,
    "minResTime" : 717.0,
    "maxResTime" : 39143.0,
    "pct1ResTime" : 35940.00000000001,
    "pct2ResTime" : 37448.85,
    "pct3ResTime" : 38925.96,
    "throughput" : 11.848622005260788,
    "receivedKBytesPerSec" : 3.5869851773738715,
    "sentKBytesPerSec" : 3.170432060001422
  },
  "getTestState" : {
    "transaction" : "getTestState",
    "sampleCount" : 500,
    "errorCount" : 0,
    "errorPct" : 0.0,
    "meanResTime" : 15818.583999999999,
    "medianResTime" : 15143.5,
    "minResTime" : 6058.0,
    "maxResTime" : 84386.0,
    "pct1ResTime" : 23464.3,
    "pct2ResTime" : 24377.95,
    "pct3ResTime" : 44891.73000000017,
    "throughput" : 4.798971100596033,
    "receivedKBytesPerSec" : 1.1622508134256015,
    "sentKBytesPerSec" : 1.227861746441563
  },
  "getQuestionWiseAnalysis" : {
    "transaction" : "getQuestionWiseAnalysis",
    "sampleCount" : 500,
    "errorCount" : 0,
    "errorPct" : 0.0,
    "meanResTime" : 21760.95999999999,
    "medianResTime" : 21724.0,
    "minResTime" : 4026.0,
    "maxResTime" : 39557.0,
    "pct1ResTime" : 36247.200000000004,
    "pct2ResTime" : 37874.55,
    "pct3ResTime" : 39139.73,
    "throughput" : 8.810262193402876,
    "receivedKBytesPerSec" : 210.8698399395616,
    "sentKBytesPerSec" : 2.3316221234493937
  },
  "sub-user-1" : {
    "transaction" : "sub-user-1",
    "sampleCount" : 500,
    "errorCount" : 0,
    "errorPct" : 0.0,
    "meanResTime" : 95486.30999999995,
    "medianResTime" : 95078.5,
    "minResTime" : 4996.0,
    "maxResTime" : 185846.0,
    "pct1ResTime" : 168323.7,
    "pct2ResTime" : 176834.25,
    "pct3ResTime" : 184642.77,
    "throughput" : 1.9072613253177497,
    "receivedKBytesPerSec" : 96.30738412910632,
    "sentKBytesPerSec" : 0.4861281307694655
  },
  "Send OTP Result" : {
    "transaction" : "Send OTP Result",
    "sampleCount" : 500,
    "errorCount" : 0,
    "errorPct" : 0.0,
    "meanResTime" : 149688.9680000001,
    "medianResTime" : 149212.0,
    "minResTime" : 112023.0,
    "maxResTime" : 175777.0,
    "pct1ResTime" : 170009.30000000002,
    "pct2ResTime" : 172894.7,
    "pct3ResTime" : 174990.27,
    "throughput" : 1.6524992398503495,
    "receivedKBytesPerSec" : 0.40689243489979243,
    "sentKBytesPerSec" : 0.3856907405510093
  },
  "extras" : {
    "transaction" : "extras",
    "sampleCount" : 500,
    "errorCount" : 0,
    "errorPct" : 0.0,
    "meanResTime" : 20602.528000000013,
    "medianResTime" : 20850.0,
    "minResTime" : 2989.0,
    "maxResTime" : 36809.0,
    "pct1ResTime" : 33700.6,
    "pct2ResTime" : 35346.25,
    "pct3ResTime" : 36540.58,
    "throughput" : 10.462220920256952,
    "receivedKBytesPerSec" : 12.056074888577347,
    "sentKBytesPerSec" : 2.6257722426816765
  },
  "Result Login Validation" : {
    "transaction" : "Result Login Validation",
    "sampleCount" : 500,
    "errorCount" : 0,
    "errorPct" : 0.0,
    "meanResTime" : 91153.15000000002,
    "medianResTime" : 90433.0,
    "minResTime" : 2052.0,
    "maxResTime" : 175714.0,
    "pct1ResTime" : 158448.4,
    "pct2ResTime" : 167458.15,
    "pct3ResTime" : 173939.18,
    "throughput" : 2.695955527517618,
    "receivedKBytesPerSec" : 0.7477064158349644,
    "sentKBytesPerSec" : 0.6555594983905145
  },
  "testLeaderboard" : {
    "transaction" : "testLeaderboard",
    "sampleCount" : 500,
    "errorCount" : 0,
    "errorPct" : 0.0,
    "meanResTime" : 36658.58000000001,
    "medianResTime" : 36698.0,
    "minResTime" : 30111.0,
    "maxResTime" : 37342.0,
    "pct1ResTime" : 37164.0,
    "pct2ResTime" : 37226.9,
    "pct3ResTime" : 37320.0,
    "throughput" : 5.831583858175881,
    "receivedKBytesPerSec" : 38.38366719150922,
    "sentKBytesPerSec" : 1.5262348378819688
  },
  "menu" : {
    "transaction" : "menu",
    "sampleCount" : 500,
    "errorCount" : 0,
    "errorPct" : 0.0,
    "meanResTime" : 11092.410000000007,
    "medianResTime" : 10898.5,
    "minResTime" : 9087.0,
    "maxResTime" : 20677.0,
    "pct1ResTime" : 12810.9,
    "pct2ResTime" : 13090.0,
    "pct3ResTime" : 15669.44000000002,
    "throughput" : 13.771828347931471,
    "receivedKBytesPerSec" : 7.289385707596541,
    "sentKBytesPerSec" : 3.4429570869828683
  },
  "Submit OTP Result" : {
    "transaction" : "Submit OTP Result",
    "sampleCount" : 500,
    "errorCount" : 220,
    "errorPct" : 44.0,
    "meanResTime" : 163594.34800000014,
    "medianResTime" : 164691.5,
    "minResTime" : 125641.0,
    "maxResTime" : 194562.0,
    "pct1ResTime" : 187908.5,
    "pct2ResTime" : 191283.75,
    "pct3ResTime" : 193707.85,
    "throughput" : 1.301500369626105,
    "receivedKBytesPerSec" : 0.45999903688972643,
    "sentKBytesPerSec" : 0.3279170853159522
  },
  "userProfile" : {
    "transaction" : "userProfile",
    "sampleCount" : 500,
    "errorCount" : 0,
    "errorPct" : 0.0,
    "meanResTime" : 105422.45800000001,
    "medianResTime" : 106600.0,
    "minResTime" : 22259.0,
    "maxResTime" : 184756.0,
    "pct1ResTime" : 169020.0,
    "pct2ResTime" : 177500.94999999998,
    "pct3ResTime" : 183423.85,
    "throughput" : 2.3427213988858018,
    "receivedKBytesPerSec" : 3.113714671761305,
    "sentKBytesPerSec" : 0.5925437913197487
  },
  "referral_page" : {
    "transaction" : "referral_page",
    "sampleCount" : 500,
    "errorCount" : 0,
    "errorPct" : 0.0,
    "meanResTime" : 10640.117999999993,
    "medianResTime" : 10602.5,
    "minResTime" : 9108.0,
    "maxResTime" : 19612.0,
    "pct1ResTime" : 11947.6,
    "pct2ResTime" : 12137.75,
    "pct3ResTime" : 12267.9,
    "throughput" : 14.188824881523312,
    "receivedKBytesPerSec" : 244.99278586934932,
    "sentKBytesPerSec" : 3.671912689066092
  },
  "get-priority" : {
    "transaction" : "get-priority",
    "sampleCount" : 500,
    "errorCount" : 0,
    "errorPct" : 0.0,
    "meanResTime" : 19215.446,
    "medianResTime" : 19178.0,
    "minResTime" : 6202.0,
    "maxResTime" : 32312.0,
    "pct1ResTime" : 29892.100000000002,
    "pct2ResTime" : 31201.05,
    "pct3ResTime" : 32179.84,
    "throughput" : 10.059552551102527,
    "receivedKBytesPerSec" : 4.509115840777402,
    "sentKBytesPerSec" : 2.6720686463866086
  },
  "sub-user" : {
    "transaction" : "sub-user",
    "sampleCount" : 500,
    "errorCount" : 0,
    "errorPct" : 0.0,
    "meanResTime" : 190631.47800000012,
    "medianResTime" : 189314.0,
    "minResTime" : 162112.0,
    "maxResTime" : 242657.0,
    "pct1ResTime" : 201828.4,
    "pct2ResTime" : 213065.35,
    "pct3ResTime" : 235794.93,
    "throughput" : 1.1525411226672568,
    "receivedKBytesPerSec" : 58.42955791115752,
    "sentKBytesPerSec" : 0.5864003172945711
  },
  "updateModal" : {
    "transaction" : "updateModal",
    "sampleCount" : 500,
    "errorCount" : 0,
    "errorPct" : 0.0,
    "meanResTime" : 23076.857999999982,
    "medianResTime" : 23189.0,
    "minResTime" : 12428.0,
    "maxResTime" : 32191.0,
    "pct1ResTime" : 30602.9,
    "pct2ResTime" : 31478.9,
    "pct3ResTime" : 32078.88,
    "throughput" : 10.126172104421087,
    "receivedKBytesPerSec" : 12.687381650363529,
    "sentKBytesPerSec" : 2.5612095459424427
  },
  "olympiadTestCard" : {
    "transaction" : "olympiadTestCard",
    "sampleCount" : 500,
    "errorCount" : 0,
    "errorPct" : 0.0,
    "meanResTime" : 35561.09999999998,
    "medianResTime" : 35663.0,
    "minResTime" : 11116.0,