{
  "sub-user-0" : {
    "transaction" : "sub-user-0",
    "sampleCount" : 200,
    "errorCount" : 0,
    "errorPct" : 0.0,
    "meanResTime" : 6500.475,
    "medianResTime" : 1686.5,
    "minResTime" : 366.0,
    "maxResTime" : 54178.0,
    "pct1ResTime" : 22367.8,
    "pct2ResTime" : 40399.94999999998,
    "pct3ResTime" : 50997.62000000002,
    "throughput" : 3.568242640499554,
    "receivedKBytesPerSec" : 0.7178300624442463,
    "sentKBytesPerSec" : 0.9059991079393399
  },
  "Search for Test Users" : {
    "transaction" : "Search for Test Users",
    "sampleCount" : 200,
    "errorCount" : 0,
    "errorPct" : 0.0,
    "meanResTime" : 7452.160000000001,
    "medianResTime" : 7435.0,
    "minResTime" : 5231.0,
    "maxResTime" : 9467.0,
    "pct1ResTime" : 8784.4,
    "pct2ResTime" : 8989.199999999999,
    "pct3ResTime" : 9392.69,
    "throughput" : 20.959966464053657,
    "receivedKBytesPerSec" : 140.7428998113603,
    "sentKBytesPerSec" : 6.017802871515405
  },
  "General Submit OTP" : {
    "transaction" : "General Submit OTP",
    "sampleCount" : 200,
    "errorCount" : 0,
    "errorPct" : 0.0,
    "meanResTime" : 24128.25,
    "medianResTime" : 24293.0,
    "minResTime" : 906.0,
    "maxResTime" : 47939.0,
    "pct1ResTime" : 43396.1,
    "pct2ResTime" : 45697.65,
    "pct3ResTime" : 47874.4,
    "throughput" : 4.027142943438777,
    "receivedKBytesPerSec" : 1.0775753579123293,
    "sentKBytesPerSec" : 1.0107184926403963
  },
  "Test Users Login" : {
    "transaction" : "Test Users Login",
    "sampleCount" : 200,
    "errorCount" : 0,
    "errorPct" : 0.0,
    "meanResTime" : 1446.2749999999994,
    "medianResTime" : 1426.5,
    "minResTime" : 928.0,
    "maxResTime" : 2458.0,
    "pct1ResTime" : 1850.6,
    "pct2ResTime" : 1918.7999999999997,
    "pct3ResTime" : 2146.8900000000003,
    "throughput" : 59.488399762046406,
    "receivedKBytesPerSec" : 19.75200773349197,
    "sentKBytesPerSec" : 14.52353509815586
  },
  "test-state" : {
    "transaction" : "test-state",
    "sampleCount" : 200,
    "errorCount" : 0,
    "errorPct" : 0.0,
    "meanResTime" : 6571.969999999997,
    "medianResTime" : 6659.5,
    "minResTime" : 3.0,
    "maxResTime" : 12651.0,
    "pct1ResTime" : 11329.7,
    "pct2ResTime" : 12062.8,
    "pct3ResTime" : 12643.020000000002,
    "throughput" : 10.112757243262376,
    "receivedKBytesPerSec" : 3.061479243565758,
    "sentKBytesPerSec" : 2.7059526217323153
  },
  "getTestState" : {
    "transaction" : "getTestState",
    "sampleCount" : 200,
    "errorCount" : 0,
    "errorPct" : 0.0,
    "meanResTime" : 11677.24,
    "medianResTime" : 9552.5,
    "minResTime" : 3544.0,
    "maxResTime" : 57716.0,
    "pct1ResTime" : 20030.7,
    "pct2ResTime" : 20393.95,
    "pct3ResTime" : 57587.070000000014,
    "throughput" : 2.151139028115387,
    "receivedKBytesPerSec" : 0.5209789833716952,
    "sentKBytesPerSec" : 0.5503890872717103
  },
  "General Send OTP" : {
    "transaction" : "General Send OTP",
    "sampleCount" : 200,
    "errorCount" : 0,
    "errorPct" : 0.0,
    "meanResTime" : 26680.605000000003,
    "medianResTime" : 26590.0,
    "minResTime" : 4039.0,
    "maxResTime" : 49170.0,
    "pct1ResTime" : 45248.3,
    "pct2ResTime" : 47307.299999999996,
    "pct3ResTime" : 49112.93,
    "throughput" : 3.81286460517787,
    "receivedKBytesPerSec" : 0.9345986483394975,
    "sentKBytesPerSec" : 1.0388566648873299
  },
  "getQuestionWiseAnalysis" : {
    "transaction" : "getQuestionWiseAnalysis",
    "sampleCount" : 200,
    "errorCount" : 0,
    "errorPct" : 0.0,
    "meanResTime" : 8400.734999999999,
    "medianResTime" : 8444.5,
    "minResTime" : 3125.0,
    "maxResTime" : 13542.0,
    "pct1ResTime" : 12161.2,
    "pct2ResTime" : 12736.249999999998,
    "pct3ResTime" : 13389.420000000004,
    "throughput" : 6.00294144130624,
    "receivedKBytesPerSec" : 143.6778240087643,
    "sentKBytesPerSec" : 1.5886690728456945
  },
  "sub-user-1" : {
    "transaction" : "sub-user-1",
    "sampleCount" : 200,
    "errorCount" : 0,
    "errorPct" : 0.0,
    "meanResTime" : 32979.74,
    "medianResTime" : 34608.5,
    "minResTime" : 1415.0,
    "maxResTime" : 58534.0,
    "pct1ResTime" : 54646.700000000004,
    "pct2ResTime" : 56962.2,
    "pct3ResTime" : 58458.8,
    "throughput" : 2.452573362600709,
    "receivedKBytesPerSec" : 123.84297935546373,
    "sentKBytesPerSec" : 0.625118796522251
  },
  "extras" : {
    "transaction" : "extras",
    "sampleCount" : 200,
    "errorCount" : 0,
    "errorPct" : 0.0,
    "meanResTime" : 7765.834999999995,
    "medianResTime" : 7761.5,
    "minResTime" : 1481.0,
    "maxResTime" : 14134.0,
    "pct1ResTime" : 13057.900000000001,
    "pct2ResTime" : 13515.05,
    "pct3ResTime" : 13945.87,
    "throughput" : 6.5400085020110525,
    "receivedKBytesPerSec" : 7.536337922239299,
    "sentKBytesPerSec" : 1.6413888525555083
  },
  "testLeaderboard" : {
    "transaction" : "testLeaderboard",
    "sampleCount" : 200,
    "errorCount" : 0,
    "errorPct" : 0.0,
    "meanResTime" : 13019.605,
    "medianResTime" : 13850.5,
    "minResTime" : 3914.0,
    "maxResTime" : 14226.0,
    "pct1ResTime" : 14172.9,
    "pct2ResTime" : 14189.0,
    "pct3ResTime" : 14215.86,
    "throughput" : 4.463090243684727,
    "receivedKBytesPerSec" : 29.37619945550299,
    "sentKBytesPerSec" : 1.1680743997143623
  },
  "menu" : {
    "transaction" : "menu",
    "sampleCount" : 200,
    "errorCount" : 0,
    "errorPct" : 0.0,
    "meanResTime" : 5087.450000000003,
    "medianResTime" : 4780.5,
    "minResTime" : 3796.0,
    "maxResTime" : 10795.0,
    "pct1ResTime" : 6414.7,
    "pct2ResTime" : 6552.2,
    "pct3ResTime" : 10734.230000000001,
    "throughput" : 7.717240314863405,
    "receivedKBytesPerSec" : 4.084711182281216,
    "sentKBytesPerSec" : 1.9293100787158513
  },
  "userProfile" : {
    "transaction" : "userProfile",
    "sampleCount" : 200,
    "errorCount" : 0,
    "errorPct" : 0.0,
    "meanResTime" : 34140.005,
    "medianResTime" : 35674.5,
    "minResTime" : 1205.0,
    "maxResTime" : 57008.0,
    "pct1ResTime" : 52398.5,
    "pct2ResTime" : 55220.649999999994,
    "pct3ResTime" : 56903.35,
    "throughput" : 2.3988005997001496,
    "receivedKBytesPerSec" : 3.188249625187406,
    "sentKBytesPerSec" : 0.6067278860569715
  },
  "referral_page" : {
    "transaction" : "referral_page",
    "sampleCount" : 200,
    "errorCount" : 0,
    "errorPct" : 0.0,
    "meanResTime" : 5698.694999999999,
    "medianResTime" : 4317.5,
    "minResTime" : 3790.0,
    "maxResTime" : 19960.0,
    "pct1ResTime" : 10204.200000000003,
    "pct2ResTime" : 14999.95,
    "pct3ResTime" : 19240.310000000016,
    "throughput" : 5.701091759071862,
    "receivedKBytesPerSec" : 98.43847987514609,
    "sentKBytesPerSec" : 1.4753801915566829
  },
  "get-priority" : {
    "transaction" : "get-priority",
    "sampleCount" : 200,
    "errorCount" : 0,
    "errorPct" : 0.0,
    "meanResTime" : 7722.634999999998,
    "medianResTime" : 7762.5,
    "minResTime" : 3689.0,
    "maxResTime" : 20944.0,
    "pct1ResTime" : 10251.0,
    "pct2ResTime" : 10740.65,
    "pct3ResTime" : 20914.460000000003,
    "throughput" : 4.768262445164982,
    "receivedKBytesPerSec" : 2.13733638899485,
    "sentKBytesPerSec" : 1.2665697119969481
  },
  "sub-user" : {
    "transaction" : "sub-user",
    "sampleCount" : 200,
    "errorCount" : 0,
    "errorPct" : 0.0,
    "meanResTime" : 39480.350000000006,
    "medianResTime" : 39318.0,
    "minResTime" : 2696.0,
    "maxResTime" : 81611.0,
    "pct1ResTime" : 69857.3,
    "pct2ResTime" : 76225.24999999999,
    "pct3ResTime" : 80443.27,
    "throughput" : 2.395697327599631,
    "receivedKBytesPerSec" : 121.45296422624965,
    "sentKBytesPerSec" : 1.2189045973431716
  },
  "updateModal" : {
    "transaction" : "updateModal",
    "sampleCount" : 200,
    "errorCount" : 0,
    "errorPct" : 0.0,
    "meanResTime" : 8092.445000000001,
    "medianResTime" : 8436.0,
    "minResTime" : 3585.0,
    "maxResTime" : 10794.0,