{
  "Content Dashboard Home" : {
    "transaction" : "Content Dashboard Home",
    "sampleCount" : 7000,
    "errorCount" : 0,
    "errorPct" : 0.0,
    "meanResTime" : 1310.8790000000008,
    "medianResTime" : 259.0,
    "minResTime" : 115.0,
    "maxResTime" : 27467.0,
    "pct1ResTime" : 4598.500000000003,
    "pct2ResTime" : 6212.9,
    "pct3ResTime" : 9114.11999999998,
    "throughput" : 7.663137244598583,
    "receivedKBytesPerSec" : 26.439320200358196,
    "sentKBytesPerSec" : 2.342345661679059
  },
  "Send OTP Result" : {
    "transaction" : "Send OTP Result",
    "sampleCount" : 7000,
    "errorCount" : 2,
    "errorPct" : 0.028571429,
    "meanResTime" : 1422.5172857142832,
    "medianResTime" : 332.0,
    "minResTime" : 255.0,
    "maxResTime" : 26858.0,
    "pct1ResTime" : 4711.900000000001,
    "pct2ResTime" : 6054.749999999999,
    "pct3ResTime" : 8343.96,
    "throughput" : 7.675312357801133,
    "receivedKBytesPerSec" : 1.96183146830096,
    "sentKBytesPerSec" : 2.083727378387417
  },
  "Result Login Validation" : {
    "transaction" : "Result Login Validation",
    "sampleCount" : 7000,
    "errorCount" : 0,
    "errorPct" : 0.0,
    "meanResTime" : 1838.6544285714365,
    "medianResTime" : 678.0,
    "minResTime" : 311.0,
    "maxResTime" : 27770.0,
    "pct1ResTime" : 5105.900000000001,
    "pct2ResTime" : 6806.849999999999,
    "pct3ResTime" : 9814.0,
    "throughput" : 7.699762077351809,
    "receivedKBytesPerSec" : 2.2106738776771797,
    "sentKBytesPerSec" : 2.1655580842551965
  },
  "Submit OTP Result" : {
    "transaction" : "Submit OTP Result",
    "sampleCount" : 7000,
    "errorCount" : 0,
    "errorPct" : 0.0,
    "meanResTime" : 1752.5128571428538,
    "medianResTime" : 668.0,
    "minResTime" : 312.0,
    "maxResTime" : 27964.0,
    "pct1ResTime" : 5099.900000000001,
    "pct2ResTime" : 6763.0,
    "pct3ResTime" : 9532.739999999994,
    "throughput" : 7.658509260231768,
    "receivedKBytesPerSec" : 3.051437283373595,
    "sentKBytesPerSec" : 2.2212668459851908
  },
  "userProfile" : {
    "transaction" : "userProfile",
    "sampleCount" : 7000,
    "errorCount" : 0,
    "errorPct" : 0.0,
    "meanResTime" : 1281.3617142857133,
    "medianResTime" : 129.0,
    "minResTime" : 61.0,
    "maxResTime" : 27279.0,
    "pct1ResTime" : 4519.600000000002,
    "pct2ResTime" : 6159.5999999999985,
    "pct3ResTime" : 9053.399999999965,
    "throughput" : 7.662214555142769,
    "receivedKBytesPerSec" : 10.467304483886911,
    "sentKBytesPerSec" : 2.2301566002726654
  },
  "Moengage Attributes" : {
    "transaction" : "Moengage Attributes",
    "sampleCount" : 7000,
    "errorCount" : 0,
    "errorPct" : 0.0,
    "meanResTime" : 1176.0444285714373,
    "medianResTime" : 140.0,
    "minResTime" : 48.0,
    "maxResTime" : 26500.0,
    "pct1ResTime" : 4310.900000000001,
    "pct2ResTime" : 5904.9,
    "pct3ResTime" : 8200.799999999996,
    "throughput" : 7.66300302141262,
    "receivedKBytesPerSec" : 6.518042609033586,
    "sentKBytesPerSec" : 2.319854430310461
  },
  "Total" : {
    "transaction" : "Total",
    "sampleCount" : 84000,
    "errorCount" : 2,
    "errorPct" : 0.0023809525,
    "meanResTime" : 1366.7840714285696,
    "medianResTime" : 181.0,
    "minResTime" : 13.0,
    "maxResTime" : 27964.0,
    "pct1ResTime" : 876.0,
    "pct2ResTime" : 1688.9000000000015,
    "pct3ResTime" : 8395.970000000005,
    "throughput" : 91.51622778824887,
    "receivedKBytesPerSec" : 161.26024322956954,
    "sentKBytesPerSec" : 27.288372766227788
  },
  "Test Dashboard" : {
    "transaction" : "Test Dashboard",
    "sampleCount" : 7000,
    "errorCount" : 0,
    "errorPct" : 0.0,
    "meanResTime" : 1342.4585714285708,
    "medianResTime" : 254.0,
    "minResTime" : 92.0,
    "maxResTime" : 26750.0,
    "pct1ResTime" : 4570.0,
    "pct2ResTime" : 6137.9,
    "pct3ResTime" : 8933.739999999994,
    "throughput" : 7.666737857803918,
    "receivedKBytesPerSec" : 83.18859798638607,
    "sentKBytesPerSec" : 2.343446239738893
  },
  "Priority API" : {
    "transaction" : "Priority API",
    "sampleCount" : 7000,
    "errorCount" : 0,
    "errorPct" : 0.0,
    "meanResTime" : 1182.88485714286,
    "medianResTime" : 109.0,
    "minResTime" : 24.0,
    "maxResTime" : 27373.0,
    "pct1ResTime" : 4194.800000000001,
    "pct2ResTime" : 5806.799999999999,
    "pct3ResTime" : 8518.769999999995,
    "throughput" : 7.664723111877584,
    "receivedKBytesPerSec" : 2.4775618652651175,
    "sentKBytesPerSec" : 2.3278602419862584
  },
  "App Olympiad Dashboard" : {
    "transaction" : "App Olympiad Dashboard",
    "sampleCount" : 7000,
    "errorCount" : 0,
    "errorPct" : 0.0,
    "meanResTime" : 1398.0374285714317,
    "medianResTime" : 233.5,
    "minResTime" : 73.0,
    "maxResTime" : 26730.0,
    "pct1ResTime" : 4776.900000000001,
    "pct2ResTime" : 6421.95,
    "pct3ResTime" : 9150.739999999994,
    "throughput" : 7.662071977504157,
    "receivedKBytesPerSec" : 5.769001459624712,
    "sentKBytesPerSec" : 2.3420200478113293
  },
  "Lotte Popup" : {
    "transaction" : "Lotte Popup",
    "sampleCount" : 7000,
    "errorCount" : 0,
    "errorPct" : 0.0,
    "meanResTime" : 1186.9635714285746,
    "medianResTime" : 87.0,
    "minResTime" : 14.0,
    "maxResTime" : 26477.0,
    "pct1ResTime" : 4388.900000000001,
    "pct2ResTime" : 5964.9,
    "pct3ResTime" : 8583.949999999999,
    "throughput" : 7.66280169544961,
    "receivedKBytesPerSec" : 4.3028427489096925,
    "sentKBytesPerSec" : 2.2599278437751775
  },
  "Dashboard Notification" : {
    "transaction" : "Dashboard Notification",
    "sampleCount" : 7000,
    "errorCount" : 0,
    "errorPct" : 0.0,
    "meanResTime" : 1111.1078571428563,
    "medianResTime" : 65.0,
    "minResTime" : 13.0,
    "maxResTime" : 26681.0,
    "pct1ResTime" : 4180.400000000003,
    "pct2ResTime" : 5696.099999999997,
    "pct3ResTime" : 8218.899999999998,
    "throughput" : 7.663162411969422,
    "receivedKBytesPerSec" : 3.7717127496411997,
    "sentKBytesPerSec" : 2.402221810783383
  },
  "Content Dashboard Performance" : {
    "transaction" : "Content Dashboard Performance",
    "sampleCount" : 7000,
    "errorCount" : 0,
    "errorPct" : 0.0,
    "meanResTime" : 1397.9868571428665,
    "medianResTime" : 259.0,
    "minResTime" : 95.0,
    "maxResTime" : 27098.0,
    "pct1ResTime" : 4645.900000000001,
    "pct2ResTime" : 6280.799999999999,
    "pct3ResTime" : 9085.809999999974,
    "throughput" : 7.662399075257895,
    "receivedKBytesPerSec" : 11.92760168550887,
    "sentKBytesPerSec" : 2.394499711018092
  }
}