{
  "sub-user-0" : {
    "transaction" : "sub-user-0",
    "sampleCount" : 50,
    "errorCount" : 0,
    "errorPct" : 0.0,
    "meanResTime" : 10003.96,
    "medianResTime" : 9691.0,
    "minResTime" : 385.0,
    "maxResTime" : 21953.0,
    "pct1ResTime" : 19082.399999999998,
    "pct2ResTime" : 20507.69999999999,
    "pct3ResTime" : 21953.0,
    "throughput" : 1.1775788977861517,
    "receivedKBytesPerSec" : 0.23689575482807348,
    "sentKBytesPerSec" : 0.29899464201601506
  },
  "test-state" : {
    "transaction" : "test-state",
    "sampleCount" : 50,
    "errorCount" : 50,
    "errorPct" : 100.0,
    "meanResTime" : 62.55999999999999,
    "medianResTime" : 59.0,
    "minResTime" : 4.0,
    "maxResTime" : 256.0,
    "pct1ResTime" : 103.0,
    "pct2ResTime" : 114.69999999999997,
    "pct3ResTime" : 256.0,
    "throughput" : 135.86956521739128,
    "receivedKBytesPerSec" : 518.9315132472826,
    "sentKBytesPerSec" : 36.35572350543478
  },
  "getTestState" : {
    "transaction" : "getTestState",
    "sampleCount" : 50,
    "errorCount" : 50,
    "errorPct" : 100.0,
    "meanResTime" : 90.28,
    "medianResTime" : 12.5,
    "minResTime" : 1.0,
    "maxResTime" : 1286.0,
    "pct1ResTime" : 63.699999999999996,
    "pct2ResTime" : 1188.5,
    "pct3ResTime" : 1286.0,
    "throughput" : 36.023054755043226,
    "receivedKBytesPerSec" : 100.39456502161384,
    "sentKBytesPerSec" : 0.5530101765129684
  },
  "getQuestionWiseAnalysis" : {
    "transaction" : "getQuestionWiseAnalysis",
    "sampleCount" : 50,
    "errorCount" : 50,
    "errorPct" : 100.0,
    "meanResTime" : 41.95999999999999,
    "medianResTime" : 34.0,
    "minResTime" : 1.0,
    "maxResTime" : 103.0,
    "pct1ResTime" : 85.5,
    "pct2ResTime" : 93.44999999999999,
    "pct3ResTime" : 103.0,
    "throughput" : 138.12154696132598,
    "receivedKBytesPerSec" : 527.5325880524862,
    "sentKBytesPerSec" : 36.55365158839779
  },
  "sub-user-1" : {
    "transaction" : "sub-user-1",
    "sampleCount" : 50,
    "errorCount" : 3,
    "errorPct" : 6.0,
    "meanResTime" : 11566.24,
    "medianResTime" : 11045.5,
    "minResTime" : 236.0,
    "maxResTime" : 22891.0,
    "pct1ResTime" : 21438.1,
    "pct2ResTime" : 22657.85,
    "pct3ResTime" : 22891.0,
    "throughput" : 2.148504640770024,
    "receivedKBytesPerSec" : 102.30167791498369,
    "sentKBytesPerSec" : 0.51475989117824
  },
  "Send OTP Result" : {
    "transaction" : "Send OTP Result",
    "sampleCount" : 50,
    "errorCount" : 0,
    "errorPct" : 0.0,
    "meanResTime" : 14688.860000000004,
    "medianResTime" : 14466.0,
    "minResTime" : 11994.0,
    "maxResTime" : 17840.0,
    "pct1ResTime" : 17100.4,
    "pct2ResTime" : 17621.3,
    "pct3ResTime" : 17840.0,
    "throughput" : 1.725446890744703,
    "receivedKBytesPerSec" : 0.4269470050555594,
    "sentKBytesPerSec" : 0.4027166082890468
  },
  "extras" : {
    "transaction" : "extras",
    "sampleCount" : 50,
    "errorCount" : 50,
    "errorPct" : 100.0,
    "meanResTime" : 23.980000000000004,
    "medianResTime" : 22.0,
    "minResTime" : 1.0,
    "maxResTime" : 104.0,
    "pct1ResTime" : 45.0,
    "pct2ResTime" : 52.849999999999945,
    "pct3ResTime" : 104.0,
    "throughput" : 124.06947890818859,
    "receivedKBytesPerSec" : 473.8630195409429,
    "sentKBytesPerSec" : 31.138531327543422
  },
  "Result Login Validation" : {
    "transaction" : "Result Login Validation",
    "sampleCount" : 50,
    "errorCount" : 0,
    "errorPct" : 0.0,
    "meanResTime" : 11266.539999999999,
    "medianResTime" : 11701.0,
    "minResTime" : 2387.0,
    "maxResTime" : 19881.0,
    "pct1ResTime" : 18614.0,
    "pct2ResTime" : 19379.899999999998,
    "pct3ResTime" : 19881.0,
    "throughput" : 2.5087807325639737,
    "receivedKBytesPerSec" : 0.6957946562970396,
    "sentKBytesPerSec" : 0.610045314851982
  },
  "testLeaderboard" : {
    "transaction" : "testLeaderboard",
    "sampleCount" : 50,
    "errorCount" : 50,
    "errorPct" : 100.0,
    "meanResTime" : 36.20000000000001,
    "medianResTime" : 29.5,
    "minResTime" : 1.0,
    "maxResTime" : 147.0,
    "pct1ResTime" : 79.69999999999999,
    "pct2ResTime" : 90.79999999999998,
    "pct3ResTime" : 147.0,
    "throughput" : 127.87723785166241,
    "receivedKBytesPerSec" : 488.4061301150895,
    "sentKBytesPerSec" : 33.46787084398977
  },
  "menu" : {
    "transaction" : "menu",
    "sampleCount" : 50,
    "errorCount" : 50,
    "errorPct" : 100.0,
    "meanResTime" : 458.50000000000017,
    "medianResTime" : 28.5,
    "minResTime" : 1.0,
    "maxResTime" : 1198.0,
    "pct1ResTime" : 1188.9,
    "pct2ResTime" : 1193.9,
    "pct3ResTime" : 1198.0,
    "throughput" : 34.91620111731844,
    "receivedKBytesPerSec" : 122.01234615048884,
    "sentKBytesPerSec" : 6.110335195530727
  },
  "Submit OTP Result" : {
    "transaction" : "Submit OTP Result",
    "sampleCount" : 50,
    "errorCount" : 0,
    "errorPct" : 0.0,
    "meanResTime" : 17685.2,
    "medianResTime" : 17855.5,
    "minResTime" : 12800.0,
    "maxResTime" : 22032.0,
    "pct1ResTime" : 20793.4,
    "pct2ResTime" : 21287.6,
    "pct3ResTime" : 22032.0,
    "throughput" : 1.4757098164216989,
    "receivedKBytesPerSec" : 0.5735669013045275,
    "sentKBytesPerSec" : 0.37180969984062334
  },
  "userProfile" : {
    "transaction" : "userProfile",
    "sampleCount" : 50,
    "errorCount" : 49,
    "errorPct" : 98.0,
    "meanResTime" : 10716.059999999998,
    "medianResTime" : 11130.0,
    "minResTime" : 7.0,
    "maxResTime" : 21239.0,
    "pct1ResTime" : 20057.6,
    "pct2ResTime" : 20966.75,
    "pct3ResTime" : 21239.0,
    "throughput" : 2.3388530264758165,
    "receivedKBytesPerSec" : 4.789578144003181,
    "sentKBytesPerSec" : 0.011831307301899149
  },
  "referral_page" : {
    "transaction" : "referral_page",
    "sampleCount" : 50,
    "errorCount" : 50,
    "errorPct" : 100.0,
    "meanResTime" : 296.4800000000001,
    "medianResTime" : 17.0,
    "minResTime" : 1.0,
    "maxResTime" : 1202.0,
    "pct1ResTime" : 1188.9,
    "pct2ResTime" : 1194.45,
    "pct3ResTime" : 1202.0,
    "throughput" : 35.536602700781806,
    "receivedKBytesPerSec" : 133.41703869047618,
    "sentKBytesPerSec" : 8.644695051528073
  },
  "get-priority" : {
    "transaction" : "get-priority",
    "sampleCount" : 50,
    "errorCount" : 50,
    "errorPct" : 100.0,
    "meanResTime" : 228.48,
    "medianResTime" : 18.5,
    "minResTime" : 0.0,
    "maxResTime" : 1201.0,
    "pct1ResTime" : 1187.8,
    "pct2ResTime" : 1193.35,
    "pct3ResTime" : 1201.0,
    "throughput" : 37.53753753753754,
    "receivedKBytesPerSec" : 112.47184684684684,
    "sentKBytesPerSec" : 2.393018018018018
  },
  "sub-user" : {
    "transaction" : "sub-user",
    "sampleCount" : 50,
    "errorCount" : 3,
    "errorPct" : 6.0,
    "meanResTime" : 21571.160000000003,
    "medianResTime" : 21200.0,
    "minResTime" : 20287.0,
    "maxResTime" : 23882.0,
    "pct1ResTime" : 23275.0,
    "pct2ResTime" : 23547.6,
    "pct3ResTime" : 23882.0,
    "throughput" : 1.170987610951076,
    "receivedKBytesPerSec" : 55.99248793150894,
    "sentKBytesPerSec" : 0.5778778118340008
  },
  "updateModal" : {
    "transaction" : "updateModal",
    "sampleCount" : 50,
    "errorCount" : 50,
    "errorPct" : 100.0,
    "meanResTime" : 118.95999999999998,
    "medianResTime" : 16.0,
    "minResTime" : 1.0,
    "maxResTime" : 1199.0,
    "pct1ResTime" : 156.69999999999987,
    "pct2ResTime" : 1191.45,
    "pct3ResTime" : 1199.0,
    "throughput" : 34.41156228492773,
    "receivedKBytesPerSec" : 106.08708275980729,
    "sentKBytesPerSec" : 2.7851858224363384
  },
  "olympiadTestCard" : {
    "transaction" : "olympiadTestCard",
    "sampleCount" : 50,
    "errorCount" : 50,
    "errorPct" : 100.0,
    "meanResTime" : 48.699999999999996,
    "medianResTime" : 20.0,
    "minResTime" : 1.0,
    "maxResTime" : 1168.0,
    "pct1ResTime" : 65.19999999999999,
    "pct2ResTime" : 129.4999999999996,
    "pct3ResTime" : 1168.0,
    "throughput" : 34.698126301179734,