{
  "Content Dashboard Home" : {
    "transaction" : "Content Dashboard Home",
    "sampleCount" : 4000,
    "errorCount" : 0,
    "errorPct" : 0.0,
    "meanResTime" : 271.3055000000005,
    "medianResTime" : 163.0,
    "minResTime" : 114.0,
    "maxResTime" : 4569.0,
    "pct1ResTime" : 388.0,
    "pct2ResTime" : 735.6499999999987,
    "pct3ResTime" : 2496.459999999988,
    "throughput" : 6.68408986090409,
    "receivedKBytesPerSec" : 23.061415506420065,
    "sentKBytesPerSec" : 2.043086060999004
  },
  "Send OTP Result" : {
    "transaction" : "Send OTP Result",
    "sampleCount" : 4000,
    "errorCount" : 1,
    "errorPct" : 0.025,
    "meanResTime" : 363.89999999999964,
    "medianResTime" : 277.0,
    "minResTime" : 253.0,
    "maxResTime" : 4497.0,
    "pct1ResTime" : 417.0,
    "pct2ResTime" : 735.6999999999989,
    "pct3ResTime" : 2405.08999999998,
    "throughput" : 6.6878001150301625,
    "receivedKBytesPerSec" : 1.707918180303927,
    "sentKBytesPerSec" : 1.8156332343538915
  },
  "Result Login Validation" : {
    "transaction" : "Result Login Validation",
    "sampleCount" : 4000,
    "errorCount" : 0,
    "errorPct" : 0.0,
    "meanResTime" : 637.3784999999995,
    "medianResTime" : 475.0,
    "minResTime" : 313.0,
    "maxResTime" : 5022.0,
    "pct1ResTime" : 996.9000000000001,
    "pct2ResTime" : 1407.749999999999,
    "pct3ResTime" : 3753.809999999996,
    "throughput" : 6.666644444518519,
    "receivedKBytesPerSec" : 1.914056119812934,
    "sentKBytesPerSec" : 1.8749937500208333
  },
  "Submit OTP Result" : {
    "transaction" : "Submit OTP Result",
    "sampleCount" : 4000,
    "errorCount" : 0,
    "errorPct" : 0.0,
    "meanResTime" : 635.1919999999988,
    "medianResTime" : 482.0,
    "minResTime" : 309.0,
    "maxResTime" : 5047.0,
    "pct1ResTime" : 1025.9,
    "pct2ResTime" : 1408.9499999999998,
    "pct3ResTime" : 3208.2399999999834,
    "throughput" : 6.677082916015651,
    "receivedKBytesPerSec" : 2.6604002243499862,
    "sentKBytesPerSec" : 1.9366148691959457
  },
  "userProfile" : {
    "transaction" : "userProfile",
    "sampleCount" : 4000,
    "errorCount" : 0,
    "errorPct" : 0.0,
    "meanResTime" : 165.50350000000006,
    "medianResTime" : 79.0,
    "minResTime" : 61.0,
    "maxResTime" : 4462.0,
    "pct1ResTime" : 214.9000000000001,
    "pct2ResTime" : 533.5499999999984,
    "pct3ResTime" : 2048.6899999999932,
    "throughput" : 6.681789784211599,
    "receivedKBytesPerSec" : 9.115334817177878,
    "sentKBytesPerSec" : 1.9449489427738111
  },
  "Moengage Attributes" : {
    "transaction" : "Moengage Attributes",
    "sampleCount" : 4000,
    "errorCount" : 0,
    "errorPct" : 0.0,
    "meanResTime" : 178.2627499999995,
    "medianResTime" : 72.0,
    "minResTime" : 47.0,
    "maxResTime" : 4475.0,
    "pct1ResTime" : 268.0,
    "pct2ResTime" : 548.8999999999996,
    "pct3ResTime" : 3035.5099999999456,
    "throughput" : 6.685486310631093,
    "receivedKBytesPerSec" : 5.686580641171564,
    "sentKBytesPerSec" : 2.02392651981996
  },
  "Total" : {
    "transaction" : "Total",
    "sampleCount" : 48000,
    "errorCount" : 1,
    "errorPct" : 0.0020833334,
    "meanResTime" : 279.10245833333386,
    "medianResTime" : 126.0,
    "minResTime" : 12.0,
    "maxResTime" : 5047.0,
    "pct1ResTime" : 493.0,
    "pct2ResTime" : 662.0,
    "pct3ResTime" : 1422.0,
    "throughput" : 79.64967418305154,
    "receivedKBytesPerSec" : 140.33622941916718,
    "sentKBytesPerSec" : 23.75014830603396
  },
  "Test Dashboard" : {
    "transaction" : "Test Dashboard",
    "sampleCount" : 4000,
    "errorCount" : 0,
    "errorPct" : 0.0,
    "meanResTime" : 265.84124999999915,
    "medianResTime" : 143.0,
    "minResTime" : 90.0,
    "maxResTime" : 4689.0,
    "pct1ResTime" : 419.9000000000001,
    "pct2ResTime" : 782.9499999999998,
    "pct3ResTime" : 2635.9699999999993,
    "throughput" : 6.686939237454884,
    "receivedKBytesPerSec" : 72.55720885484493,
    "sentKBytesPerSec" : 2.043957013011112
  },
  "Priority API" : {
    "transaction" : "Priority API",
    "sampleCount" : 4000,
    "errorCount" : 0,
    "errorPct" : 0.0,
    "meanResTime" : 134.16499999999976,
    "medianResTime" : 38.0,
    "minResTime" : 24.0,
    "maxResTime" : 4478.0,
    "pct1ResTime" : 214.0,
    "pct2ResTime" : 550.6999999999989,
    "pct3ResTime" : 2092.9699999999993,
    "throughput" : 6.68823622850359,
    "receivedKBytesPerSec" : 2.1619201090182503,
    "sentKBytesPerSec" : 2.0312904951802895
  },
  "App Olympiad Dashboard" : {
    "transaction" : "App Olympiad Dashboard",
    "sampleCount" : 4000,
    "errorCount" : 0,
    "errorPct" : 0.0,
    "meanResTime" : 229.29825000000054,
    "medianResTime" : 115.0,
    "minResTime" : 72.0,
    "maxResTime" : 4501.0,
    "pct1ResTime" : 354.0,
    "pct2ResTime" : 738.2999999999975,
    "pct3ResTime" : 2617.629999999992,
    "throughput" : 6.6842685739113,
    "receivedKBytesPerSec" : 5.032784248521106,
    "sentKBytesPerSec" : 2.0431406871428095
  },
  "Lotte Popup" : {
    "transaction" : "Lotte Popup",
    "sampleCount" : 4000,
    "errorCount" : 0,
    "errorPct" : 0.0,
    "meanResTime" : 113.29875000000023,
    "medianResTime" : 24.0,
    "minResTime" : 15.0,
    "maxResTime" : 4206.0,
    "pct1ResTime" : 187.9000000000001,
    "pct2ResTime" : 444.7999999999993,
    "pct3ResTime" : 2218.5999999999913,
    "throughput" : 6.682638171897501,
    "receivedKBytesPerSec" : 3.752457957852601,
    "sentKBytesPerSec" : 1.9708561796025834
  },
  "Dashboard Notification" : {
    "transaction" : "Dashboard Notification",
    "sampleCount" : 4000,
    "errorCount" : 0,
    "errorPct" : 0.0,
    "meanResTime" : 101.44650000000023,
    "medianResTime" : 21.0,
    "minResTime" : 12.0,
    "maxResTime" : 4300.0,
    "pct1ResTime" : 163.0,
    "pct2ResTime" : 422.9499999999998,
    "pct3ResTime" : 1855.4299999999876,
    "throughput" : 6.686123285427261,
    "receivedKBytesPerSec" : 3.2908263045462296,
    "sentKBytesPerSec" : 2.0959429439669437
  },
  "Content Dashboard Performance" : {
    "transaction" : "Content Dashboard Performance",
    "sampleCount" : 4000,
    "errorCount" : 0,
    "errorPct" : 0.0,
    "meanResTime" : 253.63749999999908,
    "medianResTime" : 143.5,
    "minResTime" : 95.0,
    "maxResTime" : 4647.0,
    "pct1ResTime" : 403.0,
    "pct2ResTime" : 754.7499999999991,
    "pct3ResTime" : 2395.869999999997,
    "throughput" : 6.684972349283121,
    "receivedKBytesPerSec" : 10.406099535895795,
    "sentKBytesPerSec" : 2.089053859150975
  }
}