{
  "sub-user-0" : {
    "transaction" : "sub-user-0",
    "sampleCount" : 200,
    "errorCount" : 0,
    "errorPct" : 0.0,
    "meanResTime" : 37728.61000000001,
    "medianResTime" : 37081.5,
    "minResTime" : 747.0,
    "maxResTime" : 79312.0,
    "pct1ResTime" : 68902.9,
    "pct2ResTime" : 73631.15,
    "pct3ResTime" : 79204.67,
    "throughput" : 1.3295573903447542,
    "receivedKBytesPerSec" : 0.26746955313576115,
    "sentKBytesPerSec" : 0.33758293114222276
  },
  "test-state" : {
    "transaction" : "test-state",
    "sampleCount" : 200,
    "errorCount" : 0,
    "errorPct" : 0.0,
    "meanResTime" : 7810.720000000003,
    "medianResTime" : 7870.0,
    "minResTime" : 35.0,
    "maxResTime" : 15014.0,
    "pct1ResTime" : 13745.7,
    "pct2ResTime" : 14385.95,
    "pct3ResTime" : 15007.0,
    "throughput" : 12.383134171258746,
    "receivedKBytesPerSec" : 3.7488003838771595,
    "sentKBytesPerSec" : 3.313455823168844
  },
  "getTestState" : {
    "transaction" : "getTestState",
    "sampleCount" : 200,
    "errorCount" : 0,
    "errorPct" : 0.0,
    "meanResTime" : 6405.285000000001,
    "medianResTime" : 6427.0,
    "minResTime" : 2549.0,
    "maxResTime" : 10527.0,
    "pct1ResTime" : 9510.1,
    "pct2ResTime" : 10055.949999999999,
    "pct3ResTime" : 10440.98,
    "throughput" : 7.4052132701421804,
    "receivedKBytesPerSec" : 1.7934500888625593,
    "sentKBytesPerSec" : 1.8946932390402844
  },
  "getQuestionWiseAnalysis" : {
    "transaction" : "getQuestionWiseAnalysis",
    "sampleCount" : 200,
    "errorCount" : 0,
    "errorPct" : 0.0,
    "meanResTime" : 8442.820000000003,
    "medianResTime" : 8503.0,
    "minResTime" : 378.0,
    "maxResTime" : 15452.0,
    "pct1ResTime" : 14120.7,
    "pct2ResTime" : 14789.85,
    "pct3ResTime" : 15308.300000000001,
    "throughput" : 11.275864013080003,
    "receivedKBytesPerSec" : 269.8829600552518,
    "sentKBytesPerSec" : 2.9841397925241027
  },
  "sub-user-1" : {
    "transaction" : "sub-user-1",
    "sampleCount" : 200,
    "errorCount" : 0,
    "errorPct" : 0.0,
    "meanResTime" : 36159.95000000002,
    "medianResTime" : 35947.0,
    "minResTime" : 1748.0,
    "maxResTime" : 71759.0,
    "pct1ResTime" : 64321.6,
    "pct2ResTime" : 68285.09999999999,
    "pct3ResTime" : 70742.61,
    "throughput" : 2.416830809759163,
    "receivedKBytesPerSec" : 122.03815496114944,
    "sentKBytesPerSec" : 0.6160086341280678
  },
  "Send OTP Result" : {
    "transaction" : "Send OTP Result",
    "sampleCount" : 200,
    "errorCount" : 0,
    "errorPct" : 0.0,
    "meanResTime" : 59484.65500000004,
    "medianResTime" : 59372.0,
    "minResTime" : 49182.0,
    "maxResTime" : 69567.0,
    "pct1ResTime" : 67721.6,
    "pct2ResTime" : 68704.55,
    "pct3ResTime" : 69541.78,
    "throughput" : 1.699451926753622,
    "receivedKBytesPerSec" : 0.4189879232697455,
    "sentKBytesPerSec" : 0.3966494243106598
  },
  "extras" : {
    "transaction" : "extras",
    "sampleCount" : 200,
    "errorCount" : 0,
    "errorPct" : 0.0,
    "meanResTime" : 7646.655000000001,
    "medianResTime" : 7624.5,
    "minResTime" : 1277.0,
    "maxResTime" : 16276.0,
    "pct1ResTime" : 12905.000000000002,
    "pct2ResTime" : 13512.95,
    "pct3ResTime" : 14898.340000000006,
    "throughput" : 5.14827018121911,
    "receivedKBytesPerSec" : 5.93257696663921,
    "sentKBytesPerSec" : 1.2920951529036244
  },
  "Result Login Validation" : {
    "transaction" : "Result Login Validation",
    "sampleCount" : 200,
    "errorCount" : 0,
    "errorPct" : 0.0,
    "meanResTime" : 38999.69,
    "medianResTime" : 39153.5,
    "minResTime" : 2852.0,
    "maxResTime" : 73597.0,
    "pct1ResTime" : 67330.3,
    "pct2ResTime" : 70516.65,
    "pct3ResTime" : 73499.23,
    "throughput" : 2.691282934574912,
    "receivedKBytesPerSec" : 0.7464105013860107,
    "sentKBytesPerSec" : 0.6544232917081574
  },
  "testLeaderboard" : {
    "transaction" : "testLeaderboard",
    "sampleCount" : 200,
    "errorCount" : 0,
    "errorPct" : 0.0,
    "meanResTime" : 15038.39500000001,
    "medianResTime" : 14846.5,
    "minResTime" : 5337.0,
    "maxResTime" : 16612.0,
    "pct1ResTime" : 16261.8,
    "pct2ResTime" : 16352.95,
    "pct3ResTime" : 16583.510000000002,
    "throughput" : 4.780114722753346,
    "receivedKBytesPerSec" : 31.46286448374761,
    "sentKBytesPerSec" : 1.2510456500956022
  },
  "menu" : {
    "transaction" : "menu",
    "sampleCount" : 200,
    "errorCount" : 0,
    "errorPct" : 0.0,
    "meanResTime" : 4697.084999999999,
    "medianResTime" : 4609.0,
    "minResTime" : 3486.0,
    "maxResTime" : 9781.0,
    "pct1ResTime" : 5696.0,
    "pct2ResTime" : 5782.6,
    "pct3ResTime" : 5874.9,
    "throughput" : 9.733307377846991,
    "receivedKBytesPerSec" : 5.151809178508858,
    "sentKBytesPerSec" : 2.433326844461748
  },
  "Submit OTP Result" : {
    "transaction" : "Submit OTP Result",
    "sampleCount" : 200,
    "errorCount" : 0,
    "errorPct" : 0.0,
    "meanResTime" : 68599.22000000003,
    "medianResTime" : 69244.0,
    "minResTime" : 49936.0,
    "maxResTime" : 82070.0,
    "pct1ResTime" : 79336.1,
    "pct2ResTime" : 80597.84999999999,
    "pct3ResTime" : 81678.99,
    "throughput" : 1.5260302611800791,
    "receivedKBytesPerSec" : 0.5931250429196011,
    "sentKBytesPerSec" : 0.38448809314888716
  },
  "userProfile" : {
    "transaction" : "userProfile",
    "sampleCount" : 200,
    "errorCount" : 0,
    "errorPct" : 0.0,
    "meanResTime" : 39807.19999999999,
    "medianResTime" : 40183.0,
    "minResTime" : 5048.0,
    "maxResTime" : 69561.0,
    "pct1ResTime" : 64636.5,
    "pct2ResTime" : 67148.5,
    "pct3ResTime" : 69472.91,
    "throughput" : 2.324662342794709,
    "receivedKBytesPerSec" : 3.089712352093358,
    "sentKBytesPerSec" : 0.5879761199060836
  },
  "referral_page" : {
    "transaction" : "referral_page",
    "sampleCount" : 200,
    "errorCount" : 0,
    "errorPct" : 0.0,
    "meanResTime" : 4117.065,
    "medianResTime" : 4007.5,
    "minResTime" : 3488.0,
    "maxResTime" : 17638.0,
    "pct1ResTime" : 4406.8,
    "pct2ResTime" : 4480.4,
    "pct3ResTime" : 15338.180000000082,
    "throughput" : 6.190225633724349,
    "receivedKBytesPerSec" : 106.8841595994924,
    "sentKBytesPerSec" : 1.601962688414993
  },
  "get-priority" : {
    "transaction" : "get-priority",
    "sampleCount" : 200,
    "errorCount" : 0,
    "errorPct" : 0.0,
    "meanResTime" : 7496.794999999999,
    "medianResTime" : 7491.5,
    "minResTime" : 2685.0,
    "maxResTime" : 12477.0,
    "pct1ResTime" : 11613.300000000001,
    "pct2ResTime" : 12088.449999999999,
    "pct3ResTime" : 12464.84,
    "throughput" : 9.078117198493032,
    "receivedKBytesPerSec" : 4.0691951114338885,
    "sentKBytesPerSec" : 2.4113748808497117
  },
  "sub-user" : {
    "transaction" : "sub-user",
    "sampleCount" : 200,
    "errorCount" : 0,
    "errorPct" : 0.0,
    "meanResTime" : 73888.50499999998,
    "medianResTime" : 72940.0,
    "minResTime" : 64854.0,
    "maxResTime" : 92816.0,
    "pct1ResTime" : 80081.7,
    "pct2ResTime" : 83364.7,
    "pct3ResTime" : 91382.24,
    "throughput" : 1.2340194481465028,
    "receivedKBytesPerSec" : 62.56020665198184,
    "sentKBytesPerSec" : 0.6278555981292265
  },
  "updateModal" : {
    "transaction" : "updateModal",
    "sampleCount" : 200,
    "errorCount" : 0,
    "errorPct" : 0.0,
    "meanResTime" : 9062.0,
    "medianResTime" : 9118.5,
    "minResTime" : 3730.0,
    "maxResTime" : 12344.0,
    "pct1ResTime" : 11733.4,
    "pct2ResTime" : 12066.3,
    "pct3ResTime" : 12330.44,
    "throughput" : 8.679802100512108,
    "receivedKBytesPerSec" : 10.875181733356479,
    "sentKBytesPerSec" : 2.195379632844371
  },
  "olympiadTestCard" : {
    "transaction" : "olympiadTestCard",
    "sampleCount" : 200,
    "errorCount" : 0,
    "errorPct" : 0.0,
    "meanResTime" : 13880.639999999996,
    "medianResTime" : 13742.0,
    "minResTime" : 2902.0,
    "maxResTime" : 23020.0,
    "pct1ResTime" : 21518.8,
    "pct2ResTime" : 22400.5,