{
  "sub-user-0" : {
    "transaction" : "sub-user-0",
    "sampleCount" : 500,
    "errorCount" : 0,
    "errorPct" : 0.0,
    "meanResTime" : 99752.83999999998,
    "medianResTime" : 109933.0,
    "minResTime" : 26229.0,
    "maxResTime" : 154075.0,
    "pct1ResTime" : 145258.4,
    "pct2ResTime" : 148790.65,
    "pct3ResTime" : 153011.46,
    "throughput" : 1.621334163456425,
    "receivedKBytesPerSec" : 0.32616683366408555,
    "sentKBytesPerSec" : 0.41166687744010794
  },
  "test-state" : {
    "transaction" : "test-state",
    "sampleCount" : 500,
    "errorCount" : 0,
    "errorPct" : 0.0,
    "meanResTime" : 17489.522000000023,
    "medianResTime" : 16542.0,
    "minResTime" : 828.0,
    "maxResTime" : 34050.0,
    "pct1ResTime" : 31217.7,
    "pct2ResTime" : 32796.35,
    "pct3ResTime" : 33826.96,
    "throughput" : 11.428049003474126,
    "receivedKBytesPerSec" : 3.4596632725361123,
    "sentKBytesPerSec" : 3.0578959247577253
  },
  "getTestState" : {
    "transaction" : "getTestState",
    "sampleCount" : 500,
    "errorCount" : 0,
    "errorPct" : 0.0,
    "meanResTime" : 31335.679999999975,
    "medianResTime" : 18491.0,
    "minResTime" : 9195.0,
    "maxResTime" : 150001.0,
    "pct1ResTime" : 129853.9,
    "pct2ResTime" : 149060.5,
    "pct3ResTime" : 149913.75,
    "throughput" : 2.720274203639727,
    "receivedKBytesPerSec" : 0.6588164086939964,
    "sentKBytesPerSec" : 0.6960076575718832
  },
  "getQuestionWiseAnalysis" : {
    "transaction" : "getQuestionWiseAnalysis",
    "sampleCount" : 500,
    "errorCount" : 0,
    "errorPct" : 0.0,
    "meanResTime" : 21322.724000000006,
    "medianResTime" : 21579.5,
    "minResTime" : 8656.0,
    "maxResTime" : 34441.0,
    "pct1ResTime" : 31482.9,
    "pct2ResTime" : 33090.3,
    "pct3ResTime" : 34216.51,
    "throughput" : 6.901597029552638,
    "receivedKBytesPerSec" : 165.18675937236875,
    "sentKBytesPerSec" : 1.8264968701257471
  },
  "sub-user-1" : {
    "transaction" : "sub-user-1",
    "sampleCount" : 500,
    "errorCount" : 0,
    "errorPct" : 0.0,
    "meanResTime" : 96311.12800000007,
    "medianResTime" : 97991.0,
    "minResTime" : 27280.0,
    "maxResTime" : 166327.0,
    "pct1ResTime" : 150521.3,
    "pct2ResTime" : 157108.75,
    "pct3ResTime" : 163696.87,
    "throughput" : 1.502737988615257,
    "receivedKBytesPerSec" : 75.88093083723544,
    "sentKBytesPerSec" : 0.3830220849888497
  },
  "Send OTP Result" : {
    "transaction" : "Send OTP Result",
    "sampleCount" : 500,
    "errorCount" : 0,
    "errorPct" : 0.0,
    "meanResTime" : 131988.87599999993,
    "medianResTime" : 140901.0,
    "minResTime" : 37003.0,
    "maxResTime" : 161018.0,
    "pct1ResTime" : 158118.4,
    "pct2ResTime" : 159564.9,
    "pct3ResTime" : 160541.77,
    "throughput" : 1.6480926623618486,
    "receivedKBytesPerSec" : 0.4049608310177632,
    "sentKBytesPerSec" : 0.38466225225047057
  },
  "extras" : {
    "transaction" : "extras",
    "sampleCount" : 500,
    "errorCount" : 0,
    "errorPct" : 0.0,
    "meanResTime" : 18924.762000000013,
    "medianResTime" : 18760.0,
    "minResTime" : 3385.0,
    "maxResTime" : 35145.0,
    "pct1ResTime" : 31589.800000000003,
    "pct2ResTime" : 33310.45,
    "pct3ResTime" : 34691.62,
    "throughput" : 9.743549770052226,
    "receivedKBytesPerSec" : 11.227918680333618,
    "sentKBytesPerSec" : 2.4454026278353727
  },
  "Result Login Validation" : {
    "transaction" : "Result Login Validation",
    "sampleCount" : 500,
    "errorCount" : 0,
    "errorPct" : 0.0,
    "meanResTime" : 90250.49399999996,
    "medianResTime" : 94886.0,
    "minResTime" : 6802.0,
    "maxResTime" : 161555.0,
    "pct1ResTime" : 146014.5,
    "pct2ResTime" : 154431.45,
    "pct3ResTime" : 160046.01,
    "throughput" : 2.632271650434325,
    "receivedKBytesPerSec" : 0.7300440905501449,
    "sentKBytesPerSec" : 0.6400738681231903
  },
  "testLeaderboard" : {
    "transaction" : "testLeaderboard",
    "sampleCount" : 500,
    "errorCount" : 0,
    "errorPct" : 0.0,
    "meanResTime" : 34589.17999999996,
    "medianResTime" : 34297.5,
    "minResTime" : 29711.0,
    "maxResTime" : 39101.0,
    "pct1ResTime" : 38815.0,
    "pct2ResTime" : 39009.9,
    "pct3ResTime" : 39049.98,
    "throughput" : 4.717515190398913,
    "receivedKBytesPerSec" : 31.050832405555347,
    "sentKBytesPerSec" : 1.2346621787372156
  },
  "menu" : {
    "transaction" : "menu",
    "sampleCount" : 500,
    "errorCount" : 0,
    "errorPct" : 0.0,
    "meanResTime" : 12907.279999999993,
    "medianResTime" : 11335.0,
    "minResTime" : 9095.0,
    "maxResTime" : 28217.0,
    "pct1ResTime" : 25450.400000000005,
    "pct2ResTime" : 27872.5,
    "pct3ResTime" : 28162.92,
    "throughput" : 9.448759377893683,
    "receivedKBytesPerSec" : 5.00119881134607,
    "sentKBytesPerSec" : 2.3621898444734204
  },
  "Submit OTP Result" : {
    "transaction" : "Submit OTP Result",
    "sampleCount" : 500,
    "errorCount" : 0,
    "errorPct" : 0.0,
    "meanResTime" : 136124.742,
    "medianResTime" : 135162.5,
    "minResTime" : 114366.0,
    "maxResTime" : 161275.0,
    "pct1ResTime" : 155615.0,
    "pct2ResTime" : 157856.45,
    "pct3ResTime" : 160333.59,
    "throughput" : 1.1878008105552733,
    "receivedKBytesPerSec" : 0.46166476816503776,
    "sentKBytesPerSec" : 0.29927012609693404
  },
  "userProfile" : {
    "transaction" : "userProfile",
    "sampleCount" : 500,
    "errorCount" : 0,
    "errorPct" : 0.0,
    "meanResTime" : 88664.32599999991,
    "medianResTime" : 85846.5,
    "minResTime" : 21906.0,
    "maxResTime" : 164848.0,
    "pct1ResTime" : 149875.40000000002,
    "pct2ResTime" : 157833.65,
    "pct3ResTime" : 163316.95,
    "throughput" : 2.318464249281276,
    "receivedKBytesPerSec" : 3.0814744563201337,
    "sentKBytesPerSec" : 0.5864084380506353
  },
  "referral_page" : {
    "transaction" : "referral_page",
    "sampleCount" : 500,
    "errorCount" : 0,
    "errorPct" : 0.0,
    "meanResTime" : 14378.116000000004,
    "medianResTime" : 14779.0,
    "minResTime" : 9085.0,
    "maxResTime" : 20441.0,
    "pct1ResTime" : 17525.7,
    "pct2ResTime" : 17723.9,
    "pct3ResTime" : 18330.430000000004,
    "throughput" : 11.145786892554614,
    "receivedKBytesPerSec" : 192.4498613742755,
    "sentKBytesPerSec" : 2.8844077407489968
  },
  "get-priority" : {
    "transaction" : "get-priority",
    "sampleCount" : 500,
    "errorCount" : 0,
    "errorPct" : 0.0,
    "meanResTime" : 19259.34600000001,
    "medianResTime" : 19941.5,
    "minResTime" : 9297.0,
    "maxResTime" : 29875.0,
    "pct1ResTime" : 27465.7,
    "pct2ResTime" : 28684.75,
    "pct3ResTime" : 29724.43,
    "throughput" : 8.080546891413611,
    "receivedKBytesPerSec" : 3.622042014803562,
    "sentKBytesPerSec" : 2.1463952680317404
  },
  "sub-user" : {
    "transaction" : "sub-user",
    "sampleCount" : 500,
    "errorCount" : 0,
    "errorPct" : 0.0,
    "meanResTime" : 196064.268,
    "medianResTime" : 188431.5,
    "minResTime" : 176649.0,
    "maxResTime" : 267518.0,
    "pct1ResTime" : 256802.2,
    "pct2ResTime" : 265570.6,
    "pct3ResTime" : 266433.3,
    "throughput" : 1.088461437988175,
    "receivedKBytesPerSec" : 55.18095569363294,
    "sentKBytesPerSec" : 0.5537972746014055
  },
  "updateModal" : {
    "transaction" : "updateModal",
    "sampleCount" : 500,
    "errorCount" : 0,
    "errorPct" : 0.0,
    "meanResTime" : 20422.776000000005,
    "medianResTime" : 20537.0,
    "minResTime" : 10735.0,
    "maxResTime" : 29760.0,
    "pct1ResTime" : 28176.700000000008,
    "pct2ResTime" : 29005.2,
    "pct3ResTime" : 29662.87,
    "throughput" : 9.435742592942065,
    "receivedKBytesPerSec" : 11.822322018305341,
    "sentKBytesPerSec" : 2.386579425363276
  },
  "olympiadTestCard" : {
    "transaction" : "olympiadTestCard",
    "sampleCount" : 500,
    "errorCount" : 0,
    "errorPct" : 0.0,
    "meanResTime" : 30871.352000000017,
    "medianResTime" : 30216.5,
    "minResTime" : 9585.0,
    "maxResTime" : 51453.0,