{
  "sub-user-0" : {
    "transaction" : "sub-user-0",
    "sampleCount" : 50,
    "errorCount" : 0,
    "errorPct" : 0.0,
    "meanResTime" : 9782.619999999997,
    "medianResTime" : 9761.0,
    "minResTime" : 228.0,
    "maxResTime" : 19264.0,
    "pct1ResTime" : 17785.3,
    "pct2ResTime" : 18967.0,
    "pct3ResTime" : 19264.0,
    "throughput" : 1.3177313936327217,
    "receivedKBytesPerSec" : 0.26509049520345773,
    "sentKBytesPerSec" : 0.3345802366645583
  },
  "test-state" : {
    "transaction" : "test-state",
    "sampleCount" : 50,
    "errorCount" : 0,
    "errorPct" : 0.0,
    "meanResTime" : 1678.5999999999995,
    "medianResTime" : 1685.0,
    "minResTime" : 2.0,
    "maxResTime" : 3232.0,
    "pct1ResTime" : 3069.4,
    "pct2ResTime" : 3118.9,
    "pct3ResTime" : 3232.0,
    "throughput" : 12.24589762429586,
    "receivedKBytesPerSec" : 3.707254163605192,
    "sentKBytesPerSec" : 3.2767343252510406
  },
  "getTestState" : {
    "transaction" : "getTestState",
    "sampleCount" : 50,
    "errorCount" : 0,
    "errorPct" : 0.0,
    "meanResTime" : 2038.5600000000004,
    "medianResTime" : 2148.5,
    "minResTime" : 1060.0,
    "maxResTime" : 2673.0,
    "pct1ResTime" : 2607.7,
    "pct2ResTime" : 2641.5,
    "pct3ResTime" : 2673.0,
    "throughput" : 6.6720042700827324,
    "receivedKBytesPerSec" : 1.615876034160662,
    "sentKBytesPerSec" : 1.7070948425406993
  },
  "getQuestionWiseAnalysis" : {
    "transaction" : "getQuestionWiseAnalysis",
    "sampleCount" : 50,
    "errorCount" : 0,
    "errorPct" : 0.0,
    "meanResTime" : 2130.58,
    "medianResTime" : 2108.5,
    "minResTime" : 207.0,
    "maxResTime" : 3488.0,
    "pct1ResTime" : 3289.9,
    "pct2ResTime" : 3431.3999999999996,
    "pct3ResTime" : 3488.0,
    "throughput" : 10.01001001001001,
    "receivedKBytesPerSec" : 239.5852884134134,
    "sentKBytesPerSec" : 2.6491335085085086
  },
  "sub-user-1" : {
    "transaction" : "sub-user-1",
    "sampleCount" : 50,
    "errorCount" : 0,
    "errorPct" : 0.0,
    "meanResTime" : 9763.320000000002,
    "medianResTime" : 9374.0,
    "minResTime" : 1396.0,
    "maxResTime" : 19126.0,
    "pct1ResTime" : 17506.9,
    "pct2ResTime" : 18552.95,
    "pct3ResTime" : 19126.0,
    "throughput" : 2.2428565020409996,
    "receivedKBytesPerSec" : 113.2533019053066,
    "sentKBytesPerSec" : 0.5716655732741219
  },
  "Send OTP Result" : {
    "transaction" : "Send OTP Result",
    "sampleCount" : 50,
    "errorCount" : 0,
    "errorPct" : 0.0,
    "meanResTime" : 15441.699999999999,
    "medianResTime" : 15304.0,
    "minResTime" : 13306.0,
    "maxResTime" : 17944.0,
    "pct1ResTime" : 17308.4,
    "pct2ResTime" : 17728.8,
    "pct3ResTime" : 17944.0,
    "throughput" : 1.6420900522184636,
    "receivedKBytesPerSec" : 0.4070587293507176,
    "sentKBytesPerSec" : 0.3832612524220828
  },
  "extras" : {
    "transaction" : "extras",
    "sampleCount" : 50,
    "errorCount" : 0,
    "errorPct" : 0.0,
    "meanResTime" : 2030.6800000000005,
    "medianResTime" : 2063.5,
    "minResTime" : 495.0,
    "maxResTime" : 3540.0,
    "pct1ResTime" : 3335.9,
    "pct2ResTime" : 3446.2,
    "pct3ResTime" : 3540.0,
    "throughput" : 4.892846658185733,
    "receivedKBytesPerSec" : 5.638241266268715,
    "sentKBytesPerSec" : 1.2279898351110676
  },
  "Result Login Validation" : {
    "transaction" : "Result Login Validation",
    "sampleCount" : 50,
    "errorCount" : 0,
    "errorPct" : 0.0,
    "meanResTime" : 10919.680000000002,
    "medianResTime" : 11326.0,
    "minResTime" : 2528.0,
    "maxResTime" : 19310.0,
    "pct1ResTime" : 18130.5,
    "pct2ResTime" : 18854.199999999997,
    "pct3ResTime" : 19310.0,
    "throughput" : 2.5549310168625445,
    "receivedKBytesPerSec" : 0.7085941492079714,
    "sentKBytesPerSec" : 0.6212674054675523
  },
  "testLeaderboard" : {
    "transaction" : "testLeaderboard",
    "sampleCount" : 50,
    "errorCount" : 0,
    "errorPct" : 0.0,
    "meanResTime" : 3360.0400000000013,
    "medianResTime" : 3384.0,
    "minResTime" : 2433.0,
    "maxResTime" : 3605.0,
    "pct1ResTime" : 3513.2999999999997,
    "pct2ResTime" : 3561.6499999999996,
    "pct3ResTime" : 3605.0,
    "throughput" : 4.547108039287013,
    "receivedKBytesPerSec" : 29.92920721171335,
    "sentKBytesPerSec" : 1.190063432157148
  },
  "menu" : {
    "transaction" : "menu",
    "sampleCount" : 50,
    "errorCount" : 0,
    "errorPct" : 0.0,
    "meanResTime" : 1232.26,
    "medianResTime" : 1178.0,
    "minResTime" : 1009.0,
    "maxResTime" : 2854.0,
    "pct1ResTime" : 1292.6,
    "pct2ResTime" : 1952.849999999994,
    "pct3ResTime" : 2854.0,
    "throughput" : 8.613264427217917,
    "receivedKBytesPerSec" : 4.558973944875108,
    "sentKBytesPerSec" : 2.153316106804479
  },
  "Submit OTP Result" : {
    "transaction" : "Submit OTP Result",
    "sampleCount" : 50,
    "errorCount" : 0,
    "errorPct" : 0.0,
    "meanResTime" : 18047.90000000001,
    "medianResTime" : 18111.0,
    "minResTime" : 13840.0,
    "maxResTime" : 21433.0,
    "pct1ResTime" : 20761.8,
    "pct2ResTime" : 21093.149999999998,
    "pct3ResTime" : 21433.0,
    "throughput" : 1.4423354295274908,
    "receivedKBytesPerSec" : 0.5605952157733803,
    "sentKBytesPerSec" : 0.36340091876766867
  },
  "userProfile" : {
    "transaction" : "userProfile",
    "sampleCount" : 50,
    "errorCount" : 0,
    "errorPct" : 0.0,
    "meanResTime" : 9777.14,
    "medianResTime" : 10173.0,
    "minResTime" : 1541.0,
    "maxResTime" : 17405.0,
    "pct1ResTime" : 16251.9,
    "pct2ResTime" : 16946.35,
    "pct3ResTime" : 17405.0,
    "throughput" : 2.2225185580299596,
    "receivedKBytesPerSec" : 2.953952888162866,
    "sentKBytesPerSec" : 0.5621409243454683
  },
  "referral_page" : {
    "transaction" : "referral_page",
    "sampleCount" : 50,
    "errorCount" : 0,
    "errorPct" : 0.0,
    "meanResTime" : 1233.1000000000004,
    "medianResTime" : 1105.0,
    "minResTime" : 1036.0,
    "maxResTime" : 3850.0,
    "pct1ResTime" : 1164.2,
    "pct2ResTime" : 2812.1999999999925,
    "pct3ResTime" : 3850.0,
    "throughput" : 6.050338818973862,
    "receivedKBytesPerSec" : 104.46878970534851,
    "sentKBytesPerSec" : 1.5657615107696032
  },
  "get-priority" : {
    "transaction" : "get-priority",
    "sampleCount" : 50,
    "errorCount" : 0,
    "errorPct" : 0.0,
    "meanResTime" : 2029.6000000000001,
    "medianResTime" : 1947.5,
    "minResTime" : 1182.0,
    "maxResTime" : 3237.0,
    "pct1ResTime" : 3065.6,
    "pct2ResTime" : 3134.2,
    "pct3ResTime" : 3237.0,
    "throughput" : 8.081461128171973,
    "receivedKBytesPerSec" : 3.622451814288023,
    "sentKBytesPerSec" : 2.1466381121706806
  },
  "sub-user" : {
    "transaction" : "sub-user",
    "sampleCount" : 50,
    "errorCount" : 0,
    "errorPct" : 0.0,
    "meanResTime" : 19546.52,
    "medianResTime" : 19342.0,
    "minResTime" : 18637.0,
    "maxResTime" : 21812.0,
    "pct1ResTime" : 20649.7,
    "pct2ResTime" : 21158.8,
    "pct3ResTime" : 21812.0,
    "throughput" : 1.2030798845043311,
    "receivedKBytesPerSec" : 60.99168559011068,
    "sentKBytesPerSec" : 0.6121138865495669
  },
  "updateModal" : {
    "transaction" : "updateModal",
    "sampleCount" : 50,
    "errorCount" : 0,
    "errorPct" : 0.0,
    "meanResTime" : 2148.88,
    "medianResTime" : 2127.0,
    "minResTime" : 1074.0,
    "maxResTime" : 3055.0,
    "pct1ResTime" : 2953.3,
    "pct2ResTime" : 3015.6,
    "pct3ResTime" : 3055.0,
    "throughput" : 8.39630562552477,
    "receivedKBytesPerSec" : 10.51998058354324,
    "sentKBytesPerSec" : 2.123674958018472
  },
  "olympiadTestCard" : {
    "transaction" : "olympiadTestCard",
    "sampleCount" : 50,
    "errorCount" : 0,
    "errorPct" : 0.0,
    "meanResTime" : 3401.7999999999993,
    "medianResTime" : 3409.5,
    "minResTime" : 919.0,
    "maxResTime" : 5597.0,
    "pct1ResTime" : 5295.3,
    "pct2ResTime" : 5448.9,
    "pct3ResTime" : 5597.0,
    "throughput" : 6.165988407941793,
    "receivedKBytesPerSec" : 9.664464252682205,