{
  "sub-user-0" : {
    "transaction" : "sub-user-0",
    "sampleCount" : 100,
    "errorCount" : 0,
    "errorPct" : 0.0,
    "meanResTime" : 16694.6,
    "medianResTime" : 16689.5,
    "minResTime" : 295.0,
    "maxResTime" : 33057.0,
    "pct1ResTime" : 30005.2,
    "pct2ResTime" : 32040.0,
    "pct3ResTime" : 33056.98,
    "throughput" : 1.9837333862328903,
    "receivedKBytesPerSec" : 0.39907136480856975,
    "sentKBytesPerSec" : 0.5036823050981948
  },
  "test-state" : {
    "transaction" : "test-state",
    "sampleCount" : 100,
    "errorCount" : 0,
    "errorPct" : 0.0,
    "meanResTime" : 4351.710000000002,
    "medianResTime" : 4409.5,
    "minResTime" : 5.0,
    "maxResTime" : 8053.0,
    "pct1ResTime" : 7739.4000000000015,
    "pct2ResTime" : 7840.95,
    "pct3ResTime" : 8052.91,
    "throughput" : 10.284891494394735,
    "receivedKBytesPerSec" : 3.1135901984984056,
    "sentKBytesPerSec" : 2.752011981898591
  },
  "getTestState" : {
    "transaction" : "getTestState",
    "sampleCount" : 100,
    "errorCount" : 0,
    "errorPct" : 0.0,
    "meanResTime" : 3548.520000000001,
    "medianResTime" : 3397.0,
    "minResTime" : 1680.0,
    "maxResTime" : 6574.0,
    "pct1ResTime" : 5447.0,
    "pct2ResTime" : 5813.249999999996,
    "pct3ResTime" : 6572.869999999999,
    "throughput" : 6.91323885240235,
    "receivedKBytesPerSec" : 1.6743000345661943,
    "sentKBytesPerSec" : 1.7755681818181819
  },
  "sub-login" : {
    "transaction" : "sub-login",
    "sampleCount" : 100,
    "errorCount" : 0,
    "errorPct" : 0.0,
    "meanResTime" : 20127.979999999992,
    "medianResTime" : 19972.0,
    "minResTime" : 3303.0,
    "maxResTime" : 37666.0,
    "pct1ResTime" : 34168.100000000006,
    "pct2ResTime" : 35687.9,
    "pct3ResTime" : 37656.63999999999,
    "throughput" : 2.6493575307987816,
    "receivedKBytesPerSec" : 0.8822567558617036,
    "sentKBytesPerSec" : 0.6796999188634256
  },
  "getQuestionWiseAnalysis" : {
    "transaction" : "getQuestionWiseAnalysis",
    "sampleCount" : 100,
    "errorCount" : 0,
    "errorPct" : 0.0,
    "meanResTime" : 4866.100000000002,
    "medianResTime" : 4845.5,
    "minResTime" : 521.0,
    "maxResTime" : 8350.0,
    "pct1ResTime" : 8024.800000000001,
    "pct2ResTime" : 8193.3,
    "pct3ResTime" : 8349.47,
    "throughput" : 7.776049766718508,
    "receivedKBytesPerSec" : 224.2499605122473,
    "sentKBytesPerSec" : 2.0655132192846035
  },
  "sub-user-1" : {
    "transaction" : "sub-user-1",
    "sampleCount" : 100,
    "errorCount" : 0,
    "errorPct" : 0.0,
    "meanResTime" : 8812.39,
    "medianResTime" : 9690.5,
    "minResTime" : 496.0,
    "maxResTime" : 19360.0,
    "pct1ResTime" : 14571.4,
    "pct2ResTime" : 15478.999999999998,
    "pct3ResTime" : 19335.76999999999,
    "throughput" : 4.341031429067547,
    "receivedKBytesPerSec" : 91.36323817882878,
    "sentKBytesPerSec" : 1.1064542997916305
  },
  "extras" : {
    "transaction" : "extras",
    "sampleCount" : 100,
    "errorCount" : 0,
    "errorPct" : 0.0,
    "meanResTime" : 3813.0800000000004,
    "medianResTime" : 3841.0,
    "minResTime" : 946.0,
    "maxResTime" : 7671.0,
    "pct1ResTime" : 6217.9,
    "pct2ResTime" : 6429.099999999999,
    "pct3ResTime" : 7660.929999999995,
    "throughput" : 6.004202942059442,
    "receivedKBytesPerSec" : 6.856811486790753,
    "sentKBytesPerSec" : 1.5127776943860702
  },
  "testLeaderboard" : {
    "transaction" : "testLeaderboard",
    "sampleCount" : 100,
    "errorCount" : 0,
    "errorPct" : 0.0,
    "meanResTime" : 8614.739999999996,
    "medianResTime" : 8803.0,
    "minResTime" : 3217.0,
    "maxResTime" : 9977.0,
    "pct1ResTime" : 9642.0,
    "pct2ResTime" : 9870.3,
    "pct3ResTime" : 9976.55,
    "throughput" : 4.527345164795364,
    "receivedKBytesPerSec" : 40.79916130930822,
    "sentKBytesPerSec" : 1.1893123528612821
  },
  "menu" : {
    "transaction" : "menu",
    "sampleCount" : 100,
    "errorCount" : 0,
    "errorPct" : 0.0,
    "meanResTime" : 2345.599999999999,
    "medianResTime" : 2339.5,
    "minResTime" : 1934.0,
    "maxResTime" : 3552.0,
    "pct1ResTime" : 2634.5,
    "pct2ResTime" : 2646.95,
    "pct3ResTime" : 3546.399999999997,
    "throughput" : 10.332713370531101,
    "receivedKBytesPerSec" : 5.253236238117379,
    "sentKBytesPerSec" : 2.5932688830336845
  },
  "userProfile" : {
    "transaction" : "userProfile",
    "sampleCount" : 100,
    "errorCount" : 0,
    "errorPct" : 0.0,
    "meanResTime" : 11072.92,
    "medianResTime" : 10308.0,
    "minResTime" : 2476.0,
    "maxResTime" : 16557.0,
    "pct1ResTime" : 15706.7,
    "pct2ResTime" : 16156.05,
    "pct3ResTime" : 16556.41,
    "throughput" : 3.997441637352095,
    "receivedKBytesPerSec" : 5.357977144627439,
    "sentKBytesPerSec" : 1.0149754157339304
  },
  "referral_page" : {
    "transaction" : "referral_page",
    "sampleCount" : 100,
    "errorCount" : 0,
    "errorPct" : 0.0,
    "meanResTime" : 2324.3,
    "medianResTime" : 2270.5,
    "minResTime" : 1747.0,
    "maxResTime" : 4396.0,
    "pct1ResTime" : 2777.3,
    "pct2ResTime" : 2854.7,
    "pct3ResTime" : 4384.7899999999945,
    "throughput" : 9.5047999239616,
    "receivedKBytesPerSec" : 164.41233975501376,
    "sentKBytesPerSec" : 2.4690202927478375
  },
  "get-priority" : {
    "transaction" : "get-priority",
    "sampleCount" : 100,
    "errorCount" : 0,
    "errorPct" : 0.0,
    "meanResTime" : 4165.339999999999,
    "medianResTime" : 4206.0,
    "minResTime" : 1814.0,
    "maxResTime" : 6233.0,
    "pct1ResTime" : 5930.9,
    "pct2ResTime" : 5994.05,
    "pct3ResTime" : 6232.91,
    "throughput" : 9.512937595129376,
    "receivedKBytesPerSec" : 4.117875701579147,
    "sentKBytesPerSec" : 2.536164026826484
  },
  "sub-user" : {
    "transaction" : "sub-user",
    "sampleCount" : 100,
    "errorCount" : 0,
    "errorPct" : 0.0,
    "meanResTime" : 25506.929999999993,
    "medianResTime" : 25945.5,
    "minResTime" : 15950.0,
    "maxResTime" : 35314.0,
    "pct1ResTime" : 32188.2,
    "pct2ResTime" : 33512.99999999999,
    "pct3ResTime" : 35302.2,
    "throughput" : 1.782721859735444,
    "receivedKBytesPerSec" : 37.87857421805362,
    "sentKBytesPerSec" : 0.9070293837130531
  },
  "updateModal" : {
    "transaction" : "updateModal",
    "sampleCount" : 100,
    "errorCount" : 0,
    "errorPct" : 0.0,
    "meanResTime" : 3813.5799999999986,
    "medianResTime" : 3831.5,
    "minResTime" : 1970.0,
    "maxResTime" : 5728.0,
    "pct1ResTime" : 4954.8,
    "pct2ResTime" : 5444.199999999998,
    "pct3ResTime" : 5725.739999999999,
    "throughput" : 9.374707040404989,
    "receivedKBytesPerSec" : 11.72817963696447,
    "sentKBytesPerSec" : 2.380296709477829
  },
  "olympiadTestCard" : {
    "transaction" : "olympiadTestCard",
    "sampleCount" : 100,
    "errorCount" : 0,
    "errorPct" : 0.0,
    "meanResTime" : 3478.4499999999994,
    "medianResTime" : 3364.0,
    "minResTime" : 1453.0,
    "maxResTime" : 4599.0,
    "pct1ResTime" : 4337.200000000001,
    "pct2ResTime" : 4545.449999999999,
    "pct3ResTime" : 4598.7,
    "throughput" : 10.345541071798054,
    "receivedKBytesPerSec" : 16.431224782743637,
    "sentKBytesPerSec" : 2.6874159424787916
  },
  "Total" : {
    "transaction" : "Total",
    "sampleCount" : 2000,
    "errorCount" : 0,
    "errorPct" : 0.0,
    "meanResTime" : 7049.073499999985,
    "medianResTime" : 4302.0,
    "minResTime" : 5.0,
    "maxResTime" : 37666.0,
    "pct1ResTime" : 17444.600000000028,
    "pct2ResTime" : 26694.799999999945,
    "pct3ResTime" : 33046.57,
    "throughput" : 17.165613842351,
    "receivedKBytesPerSec" : 95.83743251768058,
    "sentKBytesPerSec" : 4.674201678260609
  },
  "checkLQLiveUpsell" : {
    "transaction" : "checkLQLiveUpsell",
    "sampleCount" : 100,
    "errorCount" : 0,
    "errorPct" : 0.0,
    "meanResTime" : 1384.7100000000003,
    "medianResTime" : 1374.5,
    "minResTime" : 939.0,
    "maxResTime" : 2957.0,
    "pct1ResTime" : 1445.5,
    "pct2ResTime" : 1553.0499999999988,