{
  "sub-user-0" : {
    "transaction" : "sub-user-0",
    "sampleCount" : 500,
    "errorCount" : 0,
    "errorPct" : 0.0,
    "meanResTime" : 84939.77399999989,
    "medianResTime" : 86397.0,
    "minResTime" : 8274.0,
    "maxResTime" : 159554.0,
    "pct1ResTime" : 144373.7,
    "pct2ResTime" : 151479.9,
    "pct3ResTime" : 158547.89,
    "throughput" : 2.2789633451535565,
    "receivedKBytesPerSec" : 0.45845442700024613,
    "sentKBytesPerSec" : 0.5786341346548283
  },
  "test-state" : {
    "transaction" : "test-state",
    "sampleCount" : 500,
    "errorCount" : 0,
    "errorPct" : 0.0,
    "meanResTime" : 22911.041999999987,
    "medianResTime" : 23420.5,
    "minResTime" : 291.0,
    "maxResTime" : 43598.0,
    "pct1ResTime" : 39716.5,
    "pct2ResTime" : 41522.649999999994,
    "pct3ResTime" : 43335.86,
    "throughput" : 10.069885001913278,
    "receivedKBytesPerSec" : 3.0485003423760904,
    "sentKBytesPerSec" : 2.6944809477775764
  },
  "getTestState" : {
    "transaction" : "getTestState",
    "sampleCount" : 500,
    "errorCount" : 0,
    "errorPct" : 0.0,
    "meanResTime" : 18419.533999999996,
    "medianResTime" : 16909.5,
    "minResTime" : 7047.0,
    "maxResTime" : 67018.0,
    "pct1ResTime" : 26012.600000000002,
    "pct2ResTime" : 38299.89999999997,
    "pct3ResTime" : 60526.97,
    "throughput" : 4.743292983721019,
    "receivedKBytesPerSec" : 1.148766269494934,
    "sentKBytesPerSec" : 1.2182203075788334
  },
  "sub-login" : {
    "transaction" : "sub-login",
    "sampleCount" : 500,
    "errorCount" : 0,
    "errorPct" : 0.0,
    "meanResTime" : 86438.80600000003,
    "medianResTime" : 86537.0,
    "minResTime" : 1458.0,
    "maxResTime" : 162994.0,
    "pct1ResTime" : 148150.6,
    "pct2ResTime" : 156215.65,
    "pct3ResTime" : 161638.98,
    "throughput" : 2.8037278365314524,
    "receivedKBytesPerSec" : 0.9336413695649736,
    "sentKBytesPerSec" : 0.7190740496063566
  },
  "getQuestionWiseAnalysis" : {
    "transaction" : "getQuestionWiseAnalysis",
    "sampleCount" : 500,
    "errorCount" : 0,
    "errorPct" : 0.0,
    "meanResTime" : 25957.32199999999,
    "medianResTime" : 26305.5,
    "minResTime" : 7133.0,
    "maxResTime" : 43854.0,
    "pct1ResTime" : 40326.600000000006,
    "pct2ResTime" : 42088.049999999996,
    "pct3ResTime" : 43714.14,
    "throughput" : 7.173189486973487,
    "receivedKBytesPerSec" : 213.3656666717477,
    "sentKBytesPerSec" : 1.9053364270701827
  },
  "sub-user-1" : {
    "transaction" : "sub-user-1",
    "sampleCount" : 500,
    "errorCount" : 0,
    "errorPct" : 0.0,
    "meanResTime" : 46238.75600000001,
    "medianResTime" : 42864.0,
    "minResTime" : 8907.0,
    "maxResTime" : 95372.0,
    "pct1ResTime" : 84713.7,
    "pct2ResTime" : 87917.09999999999,
    "pct3ResTime" : 91314.79000000001,
    "throughput" : 2.6040039164218904,
    "receivedKBytesPerSec" : 68.63925964750901,
    "sentKBytesPerSec" : 0.6637056700883278
  },
  "extras" : {
    "transaction" : "extras",
    "sampleCount" : 500,
    "errorCount" : 0,
    "errorPct" : 0.0,
    "meanResTime" : 18063.374000000003,
    "medianResTime" : 17915.5,
    "minResTime" : 3676.0,
    "maxResTime" : 33867.0,
    "pct1ResTime" : 30062.700000000004,
    "pct2ResTime" : 31541.8,
    "pct3ResTime" : 32766.08,
    "throughput" : 8.289262089888759,
    "receivedKBytesPerSec" : 9.465511618436976,
    "sentKBytesPerSec" : 2.0884569175964454
  },
  "testLeaderboard" : {
    "transaction" : "testLeaderboard",
    "sampleCount" : 500,
    "errorCount" : 0,
    "errorPct" : 0.0,
    "meanResTime" : 40625.96600000001,
    "medianResTime" : 41459.0,
    "minResTime" : 19348.0,
    "maxResTime" : 45598.0,
    "pct1ResTime" : 44312.7,
    "pct2ResTime" : 44955.6,
    "pct3ResTime" : 45478.590000000004,
    "throughput" : 5.116345701246342,
    "receivedKBytesPerSec" : 47.935762361091214,
    "sentKBytesPerSec" : 1.3440400328469395
  },
  "menu" : {
    "transaction" : "menu",
    "sampleCount" : 500,
    "errorCount" : 0,
    "errorPct" : 0.0,
    "meanResTime" : 10244.435999999998,
    "medianResTime" : 9891.5,
    "minResTime" : 7927.0,
    "maxResTime" : 18739.0,
    "pct1ResTime" : 11932.9,
    "pct2ResTime" : 14196.799999999996,
    "pct3ResTime" : 16877.71,
    "throughput" : 12.799508498873642,
    "receivedKBytesPerSec" : 6.501625337587036,
    "sentKBytesPerSec" : 3.2123016476167314
  },
  "userProfile" : {
    "transaction" : "userProfile",
    "sampleCount" : 500,
    "errorCount" : 0,
    "errorPct" : 0.0,
    "meanResTime" : 65486.24599999995,
    "medianResTime" : 69727.5,
    "minResTime" : 12496.0,
    "maxResTime" : 91549.0,
    "pct1ResTime" : 88885.8,
    "pct2ResTime" : 89998.75,
    "pct3ResTime" : 90783.65,
    "throughput" : 3.869789328668947,
    "receivedKBytesPerSec" : 5.181829307462502,
    "sentKBytesPerSec" : 0.9825410221855023
  },
  "referral_page" : {
    "transaction" : "referral_page",
    "sampleCount" : 500,
    "errorCount" : 0,
    "errorPct" : 0.0,
    "meanResTime" : 9996.68600000001,
    "medianResTime" : 9833.5,
    "minResTime" : 7949.0,
    "maxResTime" : 17709.0,
    "pct1ResTime" : 11721.300000000001,
    "pct2ResTime" : 11958.75,
    "pct3ResTime" : 12116.83,
    "throughput" : 13.14647805852812,
    "receivedKBytesPerSec" : 227.43733135533614,
    "sentKBytesPerSec" : 3.4149260592774695
  },
  "get-priority" : {
    "transaction" : "get-priority",
    "sampleCount" : 500,
    "errorCount" : 0,
    "errorPct" : 0.0,
    "meanResTime" : 18673.07400000001,
    "medianResTime" : 18265.0,
    "minResTime" : 7144.0,
    "maxResTime" : 30312.0,
    "pct1ResTime" : 28579.9,
    "pct2ResTime" : 29454.75,
    "pct3ResTime" : 30203.87,
    "throughput" : 8.900281248887465,
    "receivedKBytesPerSec" : 3.849927907721884,
    "sentKBytesPerSec" : 2.372776737557407
  },
  "sub-user" : {
    "transaction" : "sub-user",
    "sampleCount" : 500,
    "errorCount" : 0,
    "errorPct" : 0.0,
    "meanResTime" : 131179.3820000001,
    "medianResTime" : 125981.0,
    "minResTime" : 99595.0,
    "maxResTime" : 173442.0,
    "pct1ResTime" : 165354.5,
    "pct2ResTime" : 168794.35,
    "pct3ResTime" : 172565.5,
    "throughput" : 1.7276766894950346,
    "receivedKBytesPerSec" : 45.88759565389971,
    "sentKBytesPerSec" : 0.8790095056771455
  },
  "updateModal" : {
    "transaction" : "updateModal",
    "sampleCount" : 500,
    "errorCount" : 0,
    "errorPct" : 0.0,
    "meanResTime" : 21434.159999999978,
    "medianResTime" : 22293.5,
    "minResTime" : 9299.0,
    "maxResTime" : 30281.0,
    "pct1ResTime" : 28934.6,
    "pct2ResTime" : 29711.2,
    "pct3ResTime" : 30209.81,
    "throughput" : 9.77822974928619,
    "receivedKBytesPerSec" : 12.232947378456604,
    "sentKBytesPerSec" : 2.4826963529647594
  },
  "olympiadTestCard" : {
    "transaction" : "olympiadTestCard",
    "sampleCount" : 500,
    "errorCount" : 0,
    "errorPct" : 0.0,
    "meanResTime" : 15979.291999999989,
    "medianResTime" : 16015.0,
    "minResTime" : 10329.0,
    "maxResTime" : 20545.0,
    "pct1ResTime" : 19640.100000000002,
    "pct2ResTime" : 20047.75,
    "pct3ResTime" : 20503.9,
    "throughput" : 12.437810945273633,
    "receivedKBytesPerSec" : 19.75889594993781,
    "sentKBytesPerSec" : 3.230842856032338
  },
  "Total" : {
    "transaction" : "Total",
    "sampleCount" : 10000,
    "errorCount" : 0,
    "errorPct" : 0.0,
    "meanResTime" : 34993.63190000003,
    "medianResTime" : 21343.0,
    "minResTime" : 291.0,
    "maxResTime" : 173442.0,
    "pct1ResTime" : 90431.49999999999,
    "pct2ResTime" : 125698.7999999999,
    "pct3ResTime" : 158555.91999999998,
    "throughput" : 17.382023858565947,
    "receivedKBytesPerSec" : 107.51909890610578,
    "sentKBytesPerSec" : 4.732974022456705
  },
  "checkLQLiveUpsell" : {
    "transaction" : "checkLQLiveUpsell",
    "sampleCount" : 500,
    "errorCount" : 0,
    "errorPct" : 0.0,
    "meanResTime" : 5475.931999999998,
    "medianResTime" : 5391.5,
    "minResTime" : 3460.0,