{
  "Content Dashboard Home" : {
    "transaction" : "Content Dashboard Home",
    "sampleCount" : 10000,
    "errorCount" : 0,
    "errorPct" : 0.0,
    "meanResTime" : 1003.9099000000037,
    "medianResTime" : 293.5,
    "minResTime" : 114.0,
    "maxResTime" : 19962.0,
    "pct1ResTime" : 2558.5999999999985,
    "pct2ResTime" : 3780.0,
    "pct3ResTime" : 11736.739999999907,
    "throughput" : 8.332833363331533,
    "receivedKBytesPerSec" : 28.749902610010068,
    "sentKBytesPerSec" : 2.5470476979714554
  },
  "Send OTP Result" : {
    "transaction" : "Send OTP Result",
    "sampleCount" : 10000,
    "errorCount" : 0,
    "errorPct" : 0.0,
    "meanResTime" : 1050.1432,
    "medianResTime" : 359.0,
    "minResTime" : 255.0,
    "maxResTime" : 20368.0,
    "pct1ResTime" : 2471.8999999999996,
    "pct2ResTime" : 3758.949999999999,
    "pct3ResTime" : 11346.96,
    "throughput" : 8.333444445925947,
    "receivedKBytesPerSec" : 2.129820064267524,
    "sentKBytesPerSec" : 2.2623999569994266
  },
  "Result Login Validation" : {
    "transaction" : "Result Login Validation",
    "sampleCount" : 10000,
    "errorCount" : 0,
    "errorPct" : 0.0,
    "meanResTime" : 1385.513300000004,
    "medianResTime" : 684.0,
    "minResTime" : 309.0,
    "maxResTime" : 20743.0,
    "pct1ResTime" : 2973.0,
    "pct2ResTime" : 4319.899999999998,
    "pct3ResTime" : 13026.98,
    "throughput" : 8.323989654945658,
    "receivedKBytesPerSec" : 2.3898954673379134,
    "sentKBytesPerSec" : 2.341122090453466
  },
  "Submit OTP Result" : {
    "transaction" : "Submit OTP Result",
    "sampleCount" : 10000,
    "errorCount" : 0,
    "errorPct" : 0.0,
    "meanResTime" : 1354.7120000000002,
    "medianResTime" : 681.5,
    "minResTime" : 318.0,
    "maxResTime" : 20625.0,
    "pct1ResTime" : 2785.399999999994,
    "pct2ResTime" : 4234.0,
    "pct3ResTime" : 11976.609999999991,
    "throughput" : 8.330389928891792,
    "receivedKBytesPerSec" : 3.319139737292823,
    "sentKBytesPerSec" : 2.416138485235217
  },
  "userProfile" : {
    "transaction" : "userProfile",
    "sampleCount" : 10000,
    "errorCount" : 2,
    "errorPct" : 0.02,
    "meanResTime" : 860.2477000000022,
    "medianResTime" : 160.0,
    "minResTime" : 60.0,
    "maxResTime" : 20215.0,
    "pct1ResTime" : 2333.7999999999993,
    "pct2ResTime" : 3593.0,
    "pct3ResTime" : 10772.929999999998,
    "throughput" : 8.330792441638634,
    "receivedKBytesPerSec" : 11.380582470523574,
    "sentKBytesPerSec" : 2.425172594494096
  },
  "Moengage Attributes" : {
    "transaction" : "Moengage Attributes",
    "sampleCount" : 10000,
    "errorCount" : 0,
    "errorPct" : 0.0,
    "meanResTime" : 878.5546000000035,
    "medianResTime" : 182.0,
    "minResTime" : 48.0,
    "maxResTime" : 19954.0,
    "pct1ResTime" : 2316.699999999999,
    "pct2ResTime" : 3597.899999999998,
    "pct3ResTime" : 12374.439999999966,
    "throughput" : 8.333604175469036,
    "receivedKBytesPerSec" : 7.0884465203452445,
    "sentKBytesPerSec" : 2.522868451558009
  },
  "Total" : {
    "transaction" : "Total",
    "sampleCount" : 120000,
    "errorCount" : 2,
    "errorPct" : 0.0016666667,
    "meanResTime" : 999.2239250000046,
    "medianResTime" : 300.0,
    "minResTime" : 13.0,
    "maxResTime" : 20743.0,
    "pct1ResTime" : 1560.9000000000015,
    "pct2ResTime" : 2916.9500000000007,
    "pct3ResTime" : 3874.930000000011,
    "throughput" : 99.61606309017328,
    "receivedKBytesPerSec" : 175.5326257198817,
    "sentKBytesPerSec" : 29.70400620654768
  },
  "Test Dashboard" : {
    "transaction" : "Test Dashboard",
    "sampleCount" : 10000,
    "errorCount" : 0,
    "errorPct" : 0.0,
    "meanResTime" : 1002.9391999999962,
    "medianResTime" : 302.5,
    "minResTime" : 91.0,
    "maxResTime" : 20405.0,
    "pct1ResTime" : 2513.7999999999993,
    "pct2ResTime" : 3833.399999999987,
    "pct3ResTime" : 12190.139999999981,
    "throughput" : 8.333451390561367,
    "receivedKBytesPerSec" : 90.42283046926498,
    "sentKBytesPerSec" : 2.5472366066852614
  },
  "Priority API" : {
    "transaction" : "Priority API",
    "sampleCount" : 10000,
    "errorCount" : 0,
    "errorPct" : 0.0,
    "meanResTime" : 843.2268000000024,
    "medianResTime" : 141.0,
    "minResTime" : 24.0,
    "maxResTime" : 20239.0,
    "pct1ResTime" : 2306.8999999999996,
    "pct2ResTime" : 3517.949999999999,
    "pct3ResTime" : 12395.649999999992,
    "throughput" : 8.334006998899078,
    "receivedKBytesPerSec" : 2.693902652964448,
    "sentKBytesPerSec" : 2.5311290787672003
  },
  "App Olympiad Dashboard" : {
    "transaction" : "App Olympiad Dashboard",
    "sampleCount" : 10000,
    "errorCount" : 0,
    "errorPct" : 0.0,
    "meanResTime" : 974.1214999999972,
    "medianResTime" : 250.0,
    "minResTime" : 74.0,
    "maxResTime" : 20305.0,
    "pct1ResTime" : 2511.699999999999,
    "pct2ResTime" : 3970.899999999998,
    "pct3ResTime" : 12444.779999999995,
    "throughput" : 8.334284830851523,
    "receivedKBytesPerSec" : 6.2751304732290265,
    "sentKBytesPerSec" : 2.5474913594302016
  },
  "Lotte Popup" : {
    "transaction" : "Lotte Popup",
    "sampleCount" : 10000,
    "errorCount" : 0,
    "errorPct" : 0.0,
    "meanResTime" : 824.2620999999995,
    "medianResTime" : 123.0,
    "minResTime" : 14.0,
    "maxResTime" : 20237.0,
    "pct1ResTime" : 2254.0,
    "pct2ResTime" : 3632.5999999999913,
    "pct3ResTime" : 11205.959999999955,
    "throughput" : 8.334215371126778,
    "receivedKBytesPerSec" : 4.6798572640604466,
    "sentKBytesPerSec" : 2.45794242390653
  },
  "Dashboard Notification" : {
    "transaction" : "Dashboard Notification",
    "sampleCount" : 10000,
    "errorCount" : 0,
    "errorPct" : 0.0,
    "meanResTime" : 785.1693999999962,
    "medianResTime" : 98.0,
    "minResTime" : 13.0,
    "maxResTime" : 20152.0,
    "pct1ResTime" : 2203.7999999999993,
    "pct2ResTime" : 3487.899999999998,
    "pct3ResTime" : 11071.439999999988,
    "throughput" : 8.33393754380526,
    "receivedKBytesPerSec" : 4.101859884841651,
    "sentKBytesPerSec" : 2.6124940933217657
  },
  "Content Dashboard Performance" : {
    "transaction" : "Content Dashboard Performance",
    "sampleCount" : 10000,
    "errorCount" : 0,
    "errorPct" : 0.0,
    "meanResTime" : 1027.887400000006,
    "medianResTime" : 295.0,
    "minResTime" : 96.0,
    "maxResTime" : 20262.0,
    "pct1ResTime" : 2595.699999999999,
    "pct2ResTime" : 3980.7499999999945,
    "pct3ResTime" : 13086.989999999978,
    "throughput" : 8.332805588979364,
    "receivedKBytesPerSec" : 12.97118370003233,
    "sentKBytesPerSec" : 2.6040017465560514
  }
}