{
  "Content Dashboard Home" : {
    "transaction" : "Content Dashboard Home",
    "sampleCount" : 1000,
    "errorCount" : 0,
    "errorPct" : 0.0,
    "meanResTime" : 313.24000000000035,
    "medianResTime" : 250.0,
    "minResTime" : 125.0,
    "maxResTime" : 1823.0,
    "pct1ResTime" : 563.2999999999998,
    "pct2ResTime" : 776.6999999999982,
    "pct3ResTime" : 1232.7000000000003,
    "throughput" : 3.3389539057413313,
    "receivedKBytesPerSec" : 11.520043114242307,
    "sentKBytesPerSec" : 1.0205982153291373
  },
  "Send OTP Result" : {
    "transaction" : "Send OTP Result",
    "sampleCount" : 1000,
    "errorCount" : 0,
    "errorPct" : 0.0,
    "meanResTime" : 504.0080000000001,
    "medianResTime" : 436.0,
    "minResTime" : 275.0,
    "maxResTime" : 3028.0,
    "pct1ResTime" : 694.0,
    "pct2ResTime" : 983.1999999999989,
    "pct3ResTime" : 1720.2200000000007,
    "throughput" : 3.3296596088981825,
    "receivedKBytesPerSec" : 0.8511247278003269,
    "sentKBytesPerSec" : 0.9039505578844674
  },
  "Result Login Validation" : {
    "transaction" : "Result Login Validation",
    "sampleCount" : 1000,
    "errorCount" : 0,
    "errorPct" : 0.0,
    "meanResTime" : 753.9370000000002,
    "medianResTime" : 664.0,
    "minResTime" : 345.0,
    "maxResTime" : 3047.0,
    "pct1ResTime" : 1191.8,
    "pct2ResTime" : 1459.4999999999993,
    "pct3ResTime" : 2071.6200000000003,
    "throughput" : 3.325131342688036,
    "receivedKBytesPerSec" : 0.9546763815920729,
    "sentKBytesPerSec" : 0.9351931901310101
  },
  "Submit OTP Result" : {
    "transaction" : "Submit OTP Result",
    "sampleCount" : 1000,
    "errorCount" : 0,
    "errorPct" : 0.0,
    "meanResTime" : 760.1860000000004,
    "medianResTime" : 671.0,
    "minResTime" : 346.0,
    "maxResTime" : 3062.0,
    "pct1ResTime" : 1155.6999999999998,
    "pct2ResTime" : 1393.0,
    "pct3ResTime" : 1998.7900000000002,
    "throughput" : 3.3335222329265326,
    "receivedKBytesPerSec" : 1.3282002646816653,
    "sentKBytesPerSec" : 0.9668516632609181
  },
  "userProfile" : {
    "transaction" : "userProfile",
    "sampleCount" : 1000,
    "errorCount" : 0,
    "errorPct" : 0.0,
    "meanResTime" : 184.383,
    "medianResTime" : 120.0,
    "minResTime" : 60.0,
    "maxResTime" : 1789.0,
    "pct1ResTime" : 383.4999999999999,
    "pct2ResTime" : 588.299999999999,
    "pct3ResTime" : 1242.5300000000004,
    "throughput" : 3.338184828617591,
    "receivedKBytesPerSec" : 3.9966939452003576,
    "sentKBytesPerSec" : 0.9747238903873628
  },
  "Moengage Attributes" : {
    "transaction" : "Moengage Attributes",
    "sampleCount" : 1000,
    "errorCount" : 0,
    "errorPct" : 0.0,
    "meanResTime" : 178.7840000000002,
    "medianResTime" : 112.0,
    "minResTime" : 51.0,
    "maxResTime" : 1584.0,
    "pct1ResTime" : 384.9,
    "pct2ResTime" : 589.0,
    "pct3ResTime" : 1100.8700000000001,
    "throughput" : 3.343877694329452,
    "receivedKBytesPerSec" : 2.8377243323948185,
    "sentKBytesPerSec" : 1.0123067238692678
  },
  "Total" : {
    "transaction" : "Total",
    "sampleCount" : 12000,
    "errorCount" : 0,
    "errorPct" : 0.0,
    "meanResTime" : 323.1972499999994,
    "medianResTime" : 211.0,
    "minResTime" : 14.0,
    "maxResTime" : 3062.0,
    "pct1ResTime" : 731.0,
    "pct2ResTime" : 948.9499999999989,
    "pct3ResTime" : 1504.949999999999,
    "throughput" : 39.59990892020948,
    "receivedKBytesPerSec" : 69.20236837361524,
    "sentKBytesPerSec" : 11.811007990931621
  },
  "Test Dashboard" : {
    "transaction" : "Test Dashboard",
    "sampleCount" : 1000,
    "errorCount" : 0,
    "errorPct" : 0.0,
    "meanResTime" : 287.82600000000025,
    "medianResTime" : 216.0,
    "minResTime" : 97.0,
    "maxResTime" : 2964.0,
    "pct1ResTime" : 510.79999999999995,
    "pct2ResTime" : 711.5999999999995,
    "pct3ResTime" : 1195.7600000000002,
    "throughput" : 3.342614660039376,
    "receivedKBytesPerSec" : 36.2693276247046,
    "sentKBytesPerSec" : 1.0217171763596922
  },
  "Priority API" : {
    "transaction" : "Priority API",
    "sampleCount" : 1000,
    "errorCount" : 0,
    "errorPct" : 0.0,
    "meanResTime" : 142.6940000000001,
    "medianResTime" : 60.0,
    "minResTime" : 26.0,
    "maxResTime" : 2409.0,
    "pct1ResTime" : 350.79999999999995,
    "pct2ResTime" : 570.9499999999999,
    "pct3ResTime" : 1096.8200000000002,
    "throughput" : 3.3439559667878296,
    "receivedKBytesPerSec" : 1.0809076416081753,
    "sentKBytesPerSec" : 1.0155960016318504
  },
  "App Olympiad Dashboard" : {
    "transaction" : "App Olympiad Dashboard",
    "sampleCount" : 1000,
    "errorCount" : 0,
    "errorPct" : 0.0,
    "meanResTime" : 248.4540000000001,
    "medianResTime" : 179.5,
    "minResTime" : 80.0,
    "maxResTime" : 2614.0,
    "pct1ResTime" : 470.5999999999999,
    "pct2ResTime" : 647.7999999999997,
    "pct3ResTime" : 1252.98,
    "throughput" : 3.339154592840185,
    "receivedKBytesPerSec" : 2.51414862410135,
    "sentKBytesPerSec" : 1.0206595581630644
  },
  "Lotte Popup" : {
    "transaction" : "Lotte Popup",
    "sampleCount" : 1000,
    "errorCount" : 0,
    "errorPct" : 0.0,
    "meanResTime" : 115.74399999999991,
    "medianResTime" : 37.0,
    "minResTime" : 16.0,
    "maxResTime" : 1421.0,
    "pct1ResTime" : 321.69999999999993,
    "pct2ResTime" : 532.7999999999997,
    "pct3ResTime" : 1027.3000000000006,
    "throughput" : 3.340169547006206,
    "receivedKBytesPerSec" : 1.8755834858677425,
    "sentKBytesPerSec" : 0.9850890656209709
  },
  "Dashboard Notification" : {
    "transaction" : "Dashboard Notification",
    "sampleCount" : 1000,
    "errorCount" : 0,
    "errorPct" : 0.0,
    "meanResTime" : 92.66200000000008,
    "medianResTime" : 31.0,
    "minResTime" : 14.0,
    "maxResTime" : 1336.0,
    "pct1ResTime" : 251.69999999999993,
    "pct2ResTime" : 456.3999999999992,
    "pct3ResTime" : 866.0,
    "throughput" : 3.3433522455625355,
    "receivedKBytesPerSec" : 1.6455561833628105,
    "sentKBytesPerSec" : 1.0480625691655996
  },
  "Content Dashboard Performance" : {
    "transaction" : "Content Dashboard Performance",
    "sampleCount" : 1000,
    "errorCount" : 0,
    "errorPct" : 0.0,
    "meanResTime" : 296.44899999999996,
    "medianResTime" : 232.0,
    "minResTime" : 104.0,
    "maxResTime" : 1916.0,
    "pct1ResTime" : 534.4999999999999,
    "pct2ResTime" : 717.8499999999998,
    "pct3ResTime" : 1144.2800000000007,
    "throughput" : 3.342871660471211,
    "receivedKBytesPerSec" : 5.190591738426979,
    "sentKBytesPerSec" : 1.0446473938972536
  }
}