{
  "sub-user-0" : {
    "transaction" : "sub-user-0",
    "sampleCount" : 10,
    "errorCount" : 0,
    "errorPct" : 0.0,
    "meanResTime" : 1192.6999999999998,
    "medianResTime" : 1039.5,
    "minResTime" : 15.0,
    "maxResTime" : 2754.0,
    "pct1ResTime" : 2679.1000000000004,
    "pct2ResTime" : 2754.0,
    "pct3ResTime" : 2754.0,
    "throughput" : 1.8254837531945967,
    "receivedKBytesPerSec" : 0.36723598941219426,
    "sentKBytesPerSec" : 0.46350173420956553
  },
  "test-state" : {
    "transaction" : "test-state",
    "sampleCount" : 10,
    "errorCount" : 0,
    "errorPct" : 0.0,
    "meanResTime" : 159.8,
    "medianResTime" : 179.0,
    "minResTime" : 4.0,
    "maxResTime" : 293.0,
    "pct1ResTime" : 292.7,
    "pct2ResTime" : 293.0,
    "pct3ResTime" : 293.0,
    "throughput" : 11.086474501108649,
    "receivedKBytesPerSec" : 3.356256929046563,
    "sentKBytesPerSec" : 2.966498059866962
  },
  "getTestState" : {
    "transaction" : "getTestState",
    "sampleCount" : 10,
    "errorCount" : 0,
    "errorPct" : 0.0,
    "meanResTime" : 331.5,
    "medianResTime" : 326.0,
    "minResTime" : 151.0,
    "maxResTime" : 515.0,
    "pct1ResTime" : 512.3,
    "pct2ResTime" : 515.0,
    "pct3ResTime" : 515.0,
    "throughput" : 4.743833017077798,
    "receivedKBytesPerSec" : 1.1488970588235294,
    "sentKBytesPerSec" : 1.2137541508538898
  },
  "sub-login" : {
    "transaction" : "sub-login",
    "sampleCount" : 10,
    "errorCount" : 0,
    "errorPct" : 0.0,
    "meanResTime" : 2659.7,
    "medianResTime" : 2513.0,
    "minResTime" : 1591.0,
    "maxResTime" : 3827.0,
    "pct1ResTime" : 3817.2,
    "pct2ResTime" : 3827.0,
    "pct3ResTime" : 3827.0,
    "throughput" : 2.2346368715083798,
    "receivedKBytesPerSec" : 0.7441515363128492,
    "sentKBytesPerSec" : 0.5848463687150839
  },
  "getQuestionWiseAnalysis" : {
    "transaction" : "getQuestionWiseAnalysis",
    "sampleCount" : 10,
    "errorCount" : 0,
    "errorPct" : 0.0,
    "meanResTime" : 422.2,
    "medianResTime" : 462.0,
    "minResTime" : 159.0,
    "maxResTime" : 569.0,
    "pct1ResTime" : 567.7,
    "pct2ResTime" : 569.0,
    "pct3ResTime" : 569.0,
    "throughput" : 7.552870090634442,
    "receivedKBytesPerSec" : 180.77470024546827,
    "sentKBytesPerSec" : 1.998855268126888
  },
  "sub-user-1" : {
    "transaction" : "sub-user-1",
    "sampleCount" : 10,
    "errorCount" : 0,
    "errorPct" : 0.0,
    "meanResTime" : 2488.5,
    "medianResTime" : 2304.0,
    "minResTime" : 1197.0,
    "maxResTime" : 4335.0,
    "pct1ResTime" : 4247.5,
    "pct2ResTime" : 4335.0,
    "pct3ResTime" : 4335.0,
    "throughput" : 1.9047619047619047,
    "receivedKBytesPerSec" : 96.1811755952381,
    "sentKBytesPerSec" : 0.48549107142857145
  },
  "extras" : {
    "transaction" : "extras",
    "sampleCount" : 10,
    "errorCount" : 0,
    "errorPct" : 0.0,
    "meanResTime" : 585.2,
    "medianResTime" : 604.0,
    "minResTime" : 267.0,
    "maxResTime" : 846.0,
    "pct1ResTime" : 845.6,
    "pct2ResTime" : 846.0,
    "pct3ResTime" : 846.0,
    "throughput" : 4.053506282934738,
    "receivedKBytesPerSec" : 4.671032630725578,
    "sentKBytesPerSec" : 1.017335072963113
  },
  "testLeaderboard" : {
    "transaction" : "testLeaderboard",
    "sampleCount" : 10,
    "errorCount" : 0,
    "errorPct" : 0.0,
    "meanResTime" : 485.09999999999997,
    "medianResTime" : 486.0,
    "minResTime" : 202.0,
    "maxResTime" : 658.0,
    "pct1ResTime" : 657.1,
    "pct2ResTime" : 658.0,
    "pct3ResTime" : 658.0,
    "throughput" : 4.478280340349306,
    "receivedKBytesPerSec" : 29.476181146439767,
    "sentKBytesPerSec" : 1.172049932825795
  },
  "menu" : {
    "transaction" : "menu",
    "sampleCount" : 10,
    "errorCount" : 0,
    "errorPct" : 0.0,
    "meanResTime" : 242.89999999999998,
    "medianResTime" : 208.5,
    "minResTime" : 173.0,
    "maxResTime" : 564.0,
    "pct1ResTime" : 531.9000000000001,
    "pct2ResTime" : 564.0,
    "pct3ResTime" : 564.0,
    "throughput" : 5.353319057815845,
    "receivedKBytesPerSec" : 2.8334950481798713,
    "sentKBytesPerSec" : 1.3383297644539613
  },
  "userProfile" : {
    "transaction" : "userProfile",
    "sampleCount" : 10,
    "errorCount" : 0,
    "errorPct" : 0.0,
    "meanResTime" : 1320.8999999999999,
    "medianResTime" : 1236.0,
    "minResTime" : 317.0,
    "maxResTime" : 2412.0,
    "pct1ResTime" : 2411.2,
    "pct2ResTime" : 2412.0,
    "pct3ResTime" : 2412.0,
    "throughput" : 2.288329519450801,
    "receivedKBytesPerSec" : 3.0414223398169336,
    "sentKBytesPerSec" : 0.5787864702517163
  },
  "referral_page" : {
    "transaction" : "referral_page",
    "sampleCount" : 10,
    "errorCount" : 0,
    "errorPct" : 0.0,
    "meanResTime" : 210.7,
    "medianResTime" : 215.0,
    "minResTime" : 140.0,
    "maxResTime" : 281.0,
    "pct1ResTime" : 277.6,
    "pct2ResTime" : 281.0,
    "pct3ResTime" : 281.0,
    "throughput" : 5.592841163310962,
    "receivedKBytesPerSec" : 96.56935996923937,
    "sentKBytesPerSec" : 1.4473661213646531
  },
  "get-priority" : {
    "transaction" : "get-priority",
    "sampleCount" : 10,
    "errorCount" : 0,
    "errorPct" : 0.0,
    "meanResTime" : 650.6,
    "medianResTime" : 669.5,
    "minResTime" : 312.0,
    "maxResTime" : 952.0,
    "pct1ResTime" : 951.5,
    "pct2ResTime" : 952.0,
    "pct3ResTime" : 952.0,
    "throughput" : 4.923682914820286,
    "receivedKBytesPerSec" : 2.207002400295421,
    "sentKBytesPerSec" : 1.3078532742491382
  },
  "sub-user" : {
    "transaction" : "sub-user",
    "sampleCount" : 10,
    "errorCount" : 0,
    "errorPct" : 0.0,
    "meanResTime" : 3681.9,
    "medianResTime" : 3646.5,
    "minResTime" : 2243.0,
    "maxResTime" : 4529.0,
    "pct1ResTime" : 4511.3,
    "pct2ResTime" : 4529.0,
    "pct3ResTime" : 4529.0,
    "throughput" : 1.3787398317937405,
    "receivedKBytesPerSec" : 69.8969930545981,
    "sentKBytesPerSec" : 0.7014877464497449
  },
  "get-online-dashboard" : {
    "transaction" : "get-online-dashboard",
    "sampleCount" : 10,
    "errorCount" : 10,
    "errorPct" : 100.0,
    "meanResTime" : 360.4,
    "medianResTime" : 299.0,
    "minResTime" : 199.0,
    "maxResTime" : 580.0,
    "pct1ResTime" : 576.3,
    "pct2ResTime" : 580.0,
    "pct3ResTime" : 580.0,
    "throughput" : 4.008016032064128,
    "receivedKBytesPerSec" : 0.9902617735470941,
    "sentKBytesPerSec" : 1.107684118236473
  },
  "updateModal" : {
    "transaction" : "updateModal",
    "sampleCount" : 10,
    "errorCount" : 0,
    "errorPct" : 0.0,
    "meanResTime" : 549.9000000000001,
    "medianResTime" : 562.0,
    "minResTime" : 257.0,
    "maxResTime" : 859.0,
    "pct1ResTime" : 852.6,
    "pct2ResTime" : 859.0,
    "pct3ResTime" : 859.0,
    "throughput" : 4.046944556859571,
    "receivedKBytesPerSec" : 5.0705369789558885,
    "sentKBytesPerSec" : 1.0235924220963173
  },
  "olympiadTestCard" : {
    "transaction" : "olympiadTestCard",
    "sampleCount" : 10,
    "errorCount" : 0,
    "errorPct" : 0.0,
    "meanResTime" : 772.6,
    "medianResTime" : 753.5,
    "minResTime" : 424.0,
    "maxResTime" : 1087.0,
    "pct1ResTime" : 1086.6,
    "pct2ResTime" : 1087.0,
    "pct3ResTime" : 1087.0,
    "throughput" : 4.4543429844097995,
    "receivedKBytesPerSec" : 6.981660634743875,
    "sentKBytesPerSec" : 1.1527352449888641
  },
  "Total" : {
    "transaction" : "Total",
    "sampleCount" : 210,
    "errorCount" : 10,
    "errorPct" : 4.7619047,
    "meanResTime" : 844.7380952380947,
    "medianResTime" : 479.0,
    "minResTime" : 4.0,
    "maxResTime" : 4529.0,
    "pct1ResTime" : 2399.8,
    "pct2ResTime" : 3472.8,
    "pct3ResTime" : 4350.13,
    "throughput" : 14.309076042518397,
    "receivedKBytesPerSec" : 110.49276348289725,
    "sentKBytesPerSec" : 3.892675541700736
  },
  "checkLQLiveUpsell" : {
    "transaction" : "checkLQLiveUpsell",
    "sampleCount" : 10,
    "errorCount" : 0,
    "errorPct" : 0.0,
    "meanResTime" : 137.7,
    "medianResTime" : 110.5,
    "minResTime" : 70.0,