{
  "sub-user-0" : {
    "transaction" : "sub-user-0",
    "sampleCount" : 50,
    "errorCount" : 0,
    "errorPct" : 0.0,
    "meanResTime" : 8240.380000000006,
    "medianResTime" : 8374.0,
    "minResTime" : 236.0,
    "maxResTime" : 16895.0,
    "pct1ResTime" : 15378.899999999998,
    "pct2ResTime" : 16119.899999999994,
    "pct3ResTime" : 16895.0,
    "throughput" : 1.498531439189594,
    "receivedKBytesPerSec" : 0.3014623793682191,
    "sentKBytesPerSec" : 0.3819499078403165
  },
  "test-state" : {
    "transaction" : "test-state",
    "sampleCount" : 50,
    "errorCount" : 0,
    "errorPct" : 0.0,
    "meanResTime" : 2359.640000000001,
    "medianResTime" : 2521.0,
    "minResTime" : 177.0,
    "maxResTime" : 4100.0,
    "pct1ResTime" : 3851.7,
    "pct2ResTime" : 3982.149999999999,
    "pct3ResTime" : 4100.0,
    "throughput" : 5.448997384481255,
    "receivedKBytesPerSec" : 1.6495988175675675,
    "sentKBytesPerSec" : 1.463353789777681
  },
  "getTestState" : {
    "transaction" : "getTestState",
    "sampleCount" : 50,
    "errorCount" : 0,
    "errorPct" : 0.0,
    "meanResTime" : 2113.819999999999,
    "medianResTime" : 2248.0,
    "minResTime" : 1087.0,
    "maxResTime" : 2729.0,
    "pct1ResTime" : 2671.8,
    "pct2ResTime" : 2705.45,
    "pct3ResTime" : 2729.0,
    "throughput" : 6.570302233902759,
    "receivedKBytesPerSec" : 1.5912450722733245,
    "sentKBytesPerSec" : 1.6874897339027595
  },
  "sub-login" : {
    "transaction" : "sub-login",
    "sampleCount" : 50,
    "errorCount" : 0,
    "errorPct" : 0.0,
    "meanResTime" : 10359.799999999997,
    "medianResTime" : 10323.0,
    "minResTime" : 2320.0,
    "maxResTime" : 18561.0,
    "pct1ResTime" : 17346.5,
    "pct2ResTime" : 18281.899999999998,
    "pct3ResTime" : 18561.0,
    "throughput" : 2.612876254180602,
    "receivedKBytesPerSec" : 0.8701082057378763,
    "sentKBytesPerSec" : 0.6838387071488294
  },
  "getQuestionWiseAnalysis" : {
    "transaction" : "getQuestionWiseAnalysis",
    "sampleCount" : 50,
    "errorCount" : 0,
    "errorPct" : 0.0,
    "meanResTime" : 2478.06,
    "medianResTime" : 2375.0,
    "minResTime" : 727.0,
    "maxResTime" : 4321.0,
    "pct1ResTime" : 4017.5,
    "pct2ResTime" : 4237.7,
    "pct3ResTime" : 4321.0,
    "throughput" : 5.142974696564493,
    "receivedKBytesPerSec" : 123.09488949033121,
    "sentKBytesPerSec" : 1.3661026537749434
  },
  "sub-user-1" : {
    "transaction" : "sub-user-1",
    "sampleCount" : 50,
    "errorCount" : 0,
    "errorPct" : 0.0,
    "meanResTime" : 9653.220000000001,
    "medianResTime" : 9497.0,
    "minResTime" : 1398.0,
    "maxResTime" : 18078.0,
    "pct1ResTime" : 17015.3,
    "pct2ResTime" : 17855.6,
    "pct3ResTime" : 18078.0,
    "throughput" : 2.3061666897283337,
    "receivedKBytesPerSec" : 116.45015725174115,
    "sentKBytesPerSec" : 0.5900543678797103
  },
  "extras" : {
    "transaction" : "extras",
    "sampleCount" : 50,
    "errorCount" : 0,
    "errorPct" : 0.0,
    "meanResTime" : 2125.1,
    "medianResTime" : 2139.0,
    "minResTime" : 516.0,
    "maxResTime" : 3827.0,
    "pct1ResTime" : 3467.5,
    "pct2ResTime" : 3690.4,
    "pct3ResTime" : 3827.0,
    "throughput" : 4.437344692935747,
    "receivedKBytesPerSec" : 5.109013079073482,
    "sentKBytesPerSec" : 1.1180028620873268
  },
  "testLeaderboard" : {
    "transaction" : "testLeaderboard",
    "sampleCount" : 50,
    "errorCount" : 0,
    "errorPct" : 0.0,
    "meanResTime" : 3619.439999999999,
    "medianResTime" : 3589.5,
    "minResTime" : 3030.0,
    "maxResTime" : 4369.0,
    "pct1ResTime" : 3802.4,
    "pct2ResTime" : 4017.3999999999987,
    "pct3ResTime" : 4369.0,
    "throughput" : 4.051535531966615,
    "receivedKBytesPerSec" : 26.66733348188964,
    "sentKBytesPerSec" : 1.0643193926748238
  },
  "menu" : {
    "transaction" : "menu",
    "sampleCount" : 50,
    "errorCount" : 0,
    "errorPct" : 0.0,
    "meanResTime" : 1261.96,
    "medianResTime" : 1165.5,
    "minResTime" : 978.0,
    "maxResTime" : 3197.0,
    "pct1ResTime" : 1374.9,
    "pct2ResTime" : 2082.1999999999935,
    "pct3ResTime" : 3197.0,
    "throughput" : 8.065817067268913,
    "receivedKBytesPerSec" : 4.269211768027101,
    "sentKBytesPerSec" : 2.0243310412969833
  },
  "userProfile" : {
    "transaction" : "userProfile",
    "sampleCount" : 50,
    "errorCount" : 0,
    "errorPct" : 0.0,
    "meanResTime" : 9213.260000000004,
    "medianResTime" : 9129.0,
    "minResTime" : 1624.0,
    "maxResTime" : 16627.0,
    "pct1ResTime" : 15279.5,
    "pct2ResTime" : 16071.55,
    "pct3ResTime" : 16627.0,
    "throughput" : 2.2823754964166705,
    "receivedKBytesPerSec" : 3.03350883849911,
    "sentKBytesPerSec" : 0.5795094033870453
  },
  "referral_page" : {
    "transaction" : "referral_page",
    "sampleCount" : 50,
    "errorCount" : 0,
    "errorPct" : 0.0,
    "meanResTime" : 1142.3799999999999,
    "medianResTime" : 1042.5,
    "minResTime" : 982.0,
    "maxResTime" : 3374.0,
    "pct1ResTime" : 1099.7,
    "pct2ResTime" : 2270.1999999999935,
    "pct3ResTime" : 3374.0,
    "throughput" : 6.3075564526302506,
    "receivedKBytesPerSec" : 108.91006410054246,
    "sentKBytesPerSec" : 1.6384863441402802
  },
  "get-priority" : {
    "transaction" : "get-priority",
    "sampleCount" : 50,
    "errorCount" : 0,
    "errorPct" : 0.0,
    "meanResTime" : 2100.0400000000004,
    "medianResTime" : 2059.0,
    "minResTime" : 1254.0,
    "maxResTime" : 2952.0,
    "pct1ResTime" : 2890.0,
    "pct2ResTime" : 2920.4,
    "pct3ResTime" : 2952.0,
    "throughput" : 8.037293039704227,
    "receivedKBytesPerSec" : 2.519502993891657,
    "sentKBytesPerSec" : 2.1427548826555216
  },
  "olympiad-dashboard" : {
    "transaction" : "olympiad-dashboard",
    "sampleCount" : 50,
    "errorCount" : 0,
    "errorPct" : 0.0,
    "meanResTime" : 2371.8999999999996,
    "medianResTime" : 2403.5,
    "minResTime" : 230.0,
    "maxResTime" : 4391.0,
    "pct1ResTime" : 3997.0,
    "pct2ResTime" : 4267.15,
    "pct3ResTime" : 4391.0,
    "throughput" : 9.30925339787749,
    "receivedKBytesPerSec" : 106.08366982405511,
    "sentKBytesPerSec" : 2.5000436371253025
  },
  "sub-user" : {
    "transaction" : "sub-user",
    "sampleCount" : 50,
    "errorCount" : 0,
    "errorPct" : 0.0,
    "meanResTime" : 17893.7,
    "medianResTime" : 17814.5,
    "minResTime" : 16657.0,
    "maxResTime" : 20688.0,
    "pct1ResTime" : 18315.8,
    "pct2ResTime" : 19527.549999999992,
    "pct3ResTime" : 20688.0,
    "throughput" : 1.3456776832813004,
    "receivedKBytesPerSec" : 68.22086481658414,
    "sentKBytesPerSec" : 0.6872943636290236
  },
  "updateModal" : {
    "transaction" : "updateModal",
    "sampleCount" : 50,
    "errorCount" : 0,
    "errorPct" : 0.0,
    "meanResTime" : 1367.04,
    "medianResTime" : 1395.5,
    "minResTime" : 1059.0,
    "maxResTime" : 1468.0,
    "pct1ResTime" : 1458.8,
    "pct2ResTime" : 1464.9,
    "pct3ResTime" : 1468.0,
    "throughput" : 11.452130096197893,
    "receivedKBytesPerSec" : 14.348713782638573,
    "sentKBytesPerSec" : 2.9077674072377464
  },
  "olympiadTestCard" : {
    "transaction" : "olympiadTestCard",
    "sampleCount" : 50,
    "errorCount" : 0,
    "errorPct" : 0.0,
    "meanResTime" : 3231.8999999999996,
    "medianResTime" : 3217.5,
    "minResTime" : 842.0,
    "maxResTime" : 5321.0,
    "pct1ResTime" : 5050.7,
    "pct2ResTime" : 5092.25,
    "pct3ResTime" : 5321.0,
    "throughput" : 6.425909266161162,
    "receivedKBytesPerSec" : 13.435421619971727,
    "sentKBytesPerSec" : 1.6692303367176455
  },
  "Total" : {
    "transaction" : "Total",
    "sampleCount" : 1100,
    "errorCount" : 0,
    "errorPct" : 0.0,
    "meanResTime" : 4150.417272727267,
    "medianResTime" : 2524.0,
    "minResTime" : 177.0,
    "maxResTime" : 20688.0,
    "pct1ResTime" : 12693.199999999997,
    "pct2ResTime" : 17006.75,
    "pct3ResTime" : 18258.89,
    "throughput" : 14.447640437632163,
    "receivedKBytesPerSec" : 114.96096777026938,