{
  "Content Dashboard Home" : {
    "transaction" : "Content Dashboard Home",
    "sampleCount" : 2000,
    "errorCount" : 387,
    "errorPct" : 19.35,
    "meanResTime" : 23617.22749999997,
    "medianResTime" : 17801.0,
    "minResTime" : 142.0,
    "maxResTime" : 67328.0,
    "pct1ResTime" : 60005.9,
    "pct2ResTime" : 60025.95,
    "pct3ResTime" : 67028.88000000003,
    "throughput" : 3.6166757686340176,
    "receivedKBytesPerSec" : 10.26325874749545,
    "sentKBytesPerSec" : 1.1054878081859838
  },
  "Send OTP Result" : {
    "transaction" : "Send OTP Result",
    "sampleCount" : 2000,
    "errorCount" : 442,
    "errorPct" : 22.1,
    "meanResTime" : 29652.729499999998,
    "medianResTime" : 25310.0,
    "minResTime" : 323.0,
    "maxResTime" : 60162.0,
    "pct1ResTime" : 60003.0,
    "pct2ResTime" : 60010.0,
    "pct3ResTime" : 60025.0,
    "throughput" : 4.8247296342131225,
    "receivedKBytesPerSec" : 1.2657894931259663,
    "sentKBytesPerSec" : 1.3098387092883281
  },
  "Result Login Validation" : {
    "transaction" : "Result Login Validation",
    "sampleCount" : 2000,
    "errorCount" : 434,
    "errorPct" : 21.7,
    "meanResTime" : 28586.656500000012,
    "medianResTime" : 24167.5,
    "minResTime" : 439.0,
    "maxResTime" : 60170.0,
    "pct1ResTime" : 60011.0,
    "pct2ResTime" : 60014.0,
    "pct3ResTime" : 60041.99,
    "throughput" : 5.577680354294256,
    "receivedKBytesPerSec" : 1.5990403426647926,
    "sentKBytesPerSec" : 1.5687225996452596
  },
  "Submit OTP Result" : {
    "transaction" : "Submit OTP Result",
    "sampleCount" : 2000,
    "errorCount" : 442,
    "errorPct" : 22.1,
    "meanResTime" : 29424.579499999996,
    "medianResTime" : 25119.0,
    "minResTime" : 391.0,
    "maxResTime" : 67258.0,
    "pct1ResTime" : 60009.0,
    "pct2ResTime" : 60014.0,
    "pct3ResTime" : 60039.99,
    "throughput" : 4.2443290458536085,
    "receivedKBytesPerSec" : 1.5848424133679389,
    "sentKBytesPerSec" : 1.2310212174009003
  },
  "userProfile" : {
    "transaction" : "userProfile",
    "sampleCount" : 2000,
    "errorCount" : 423,
    "errorPct" : 21.15,
    "meanResTime" : 26545.538000000026,
    "medianResTime" : 20890.5,
    "minResTime" : 76.0,
    "maxResTime" : 67237.0,
    "pct1ResTime" : 60008.0,
    "pct2ResTime" : 60012.0,
    "pct3ResTime" : 60119.76,
    "throughput" : 3.9688603219142613,
    "receivedKBytesPerSec" : 4.50264878017078,
    "sentKBytesPerSec" : 1.1553201239326247
  },
  "Moengage Attributes" : {
    "transaction" : "Moengage Attributes",
    "sampleCount" : 2000,
    "errorCount" : 385,
    "errorPct" : 19.25,
    "meanResTime" : 19106.998999999993,
    "medianResTime" : 10325.5,
    "minResTime" : 53.0,
    "maxResTime" : 67293.0,
    "pct1ResTime" : 60002.0,
    "pct2ResTime" : 60035.5,
    "pct3ResTime" : 63048.99,
    "throughput" : 3.6255068911822237,
    "receivedKBytesPerSec" : 2.683468138932143,
    "sentKBytesPerSec" : 1.0975655627602434
  },
  "Total" : {
    "transaction" : "Total",
    "sampleCount" : 24000,
    "errorCount" : 4822,
    "errorPct" : 20.091667,
    "meanResTime" : 23811.3500833332,
    "medianResTime" : 21377.5,
    "minResTime" : 15.0,
    "maxResTime" : 67340.0,
    "pct1ResTime" : 60009.0,
    "pct2ResTime" : 60019.0,
    "pct3ResTime" : 63047.0,
    "throughput" : 41.5570023548968,
    "receivedKBytesPerSec" : 62.105715765254885,
    "sentKBytesPerSec" : 12.391624762454114
  },
  "Test Dashboard" : {
    "transaction" : "Test Dashboard",
    "sampleCount" : 2000,
    "errorCount" : 338,
    "errorPct" : 16.9,
    "meanResTime" : 16899.621499999983,
    "medianResTime" : 6921.0,
    "minResTime" : 99.0,
    "maxResTime" : 67305.0,
    "pct1ResTime" : 60002.0,
    "pct2ResTime" : 60031.9,
    "pct3ResTime" : 67127.97,
    "throughput" : 3.679588769159159,
    "receivedKBytesPerSec" : 33.355576399531586,
    "sentKBytesPerSec" : 1.1247180515105633
  },
  "Priority API" : {
    "transaction" : "Priority API",
    "sampleCount" : 2000,
    "errorCount" : 369,
    "errorPct" : 18.45,
    "meanResTime" : 18110.693,
    "medianResTime" : 10001.0,
    "minResTime" : 26.0,
    "maxResTime" : 67316.0,
    "pct1ResTime" : 60002.0,
    "pct2ResTime" : 60047.25,
    "pct3ResTime" : 67134.96,
    "throughput" : 3.64721243553552,
    "receivedKBytesPerSec" : 1.1533044912913684,
    "sentKBytesPerSec" : 1.107698308058151
  },
  "App Olympiad Dashboard" : {
    "transaction" : "App Olympiad Dashboard",
    "sampleCount" : 2000,
    "errorCount" : 421,
    "errorPct" : 21.05,
    "meanResTime" : 24632.271500000024,
    "medianResTime" : 18608.5,
    "minResTime" : 85.0,
    "maxResTime" : 67287.0,
    "pct1ResTime" : 60008.0,
    "pct2ResTime" : 60017.95,
    "pct3ResTime" : 63041.98,
    "throughput" : 3.605000135187505,
    "receivedKBytesPerSec" : 2.3593405694323026,
    "sentKBytesPerSec" : 1.101918986634462
  },
  "Lotte Popup" : {
    "transaction" : "Lotte Popup",
    "sampleCount" : 2000,
    "errorCount" : 428,
    "errorPct" : 21.4,
    "meanResTime" : 26248.126499999984,
    "medianResTime" : 20982.5,
    "minResTime" : 17.0,
    "maxResTime" : 67287.0,
    "pct1ResTime" : 60007.0,
    "pct2ResTime" : 60013.0,
    "pct3ResTime" : 63006.37000000002,
    "throughput" : 3.792900070358296,
    "receivedKBytesPerSec" : 1.9054803968700986,
    "sentKBytesPerSec" : 1.1186092004377006
  },
  "Dashboard Notification" : {
    "transaction" : "Dashboard Notification",
    "sampleCount" : 2000,
    "errorCount" : 364,
    "errorPct" : 18.2,
    "meanResTime" : 21451.462499999976,
    "medianResTime" : 13731.0,
    "minResTime" : 15.0,
    "maxResTime" : 67340.0,
    "pct1ResTime" : 60002.0,
    "pct2ResTime" : 60016.9,
    "pct3ResTime" : 67099.92,
    "throughput" : 3.589923085897885,
    "receivedKBytesPerSec" : 1.6316480888146971,
    "sentKBytesPerSec" : 1.1253567486066611
  },
  "Content Dashboard Performance" : {
    "transaction" : "Content Dashboard Performance",
    "sampleCount" : 2000,
    "errorCount" : 389,
    "errorPct" : 19.45,
    "meanResTime" : 21460.295999999926,
    "medianResTime" : 13701.0,
    "minResTime" : 106.0,
    "maxResTime" : 67266.0,
    "pct1ResTime" : 60002.0,
    "pct2ResTime" : 60019.9,
    "pct3ResTime" : 63068.86,
    "throughput" : 3.60599460543207,
    "receivedKBytesPerSec" : 4.710115643120123,
    "sentKBytesPerSec" : 1.126873314197522
  }
}