{
  "Content Dashboard Home" : {
    "transaction" : "Content Dashboard Home",
    "sampleCount" : 2000,
    "errorCount" : 4,
    "errorPct" : 0.2,
    "meanResTime" : 244.95050000000003,
    "medianResTime" : 163.0,
    "minResTime" : 30.0,
    "maxResTime" : 5386.0,
    "pct1ResTime" : 396.60000000000036,
    "pct2ResTime" : 634.8999999999996,
    "pct3ResTime" : 1480.91,
    "throughput" : 6.708842925860577,
    "receivedKBytesPerSec" : 23.104154367121303,
    "sentKBytesPerSec" : 2.0506521833929305
  },
  "Send OTP Result" : {
    "transaction" : "Send OTP Result",
    "sampleCount" : 2000,
    "errorCount" : 2,
    "errorPct" : 0.1,
    "meanResTime" : 342.12200000000007,
    "medianResTime" : 278.0,
    "minResTime" : 2.0,
    "maxResTime" : 5444.0,
    "pct1ResTime" : 430.9000000000001,
    "pct2ResTime" : 659.7999999999993,
    "pct3ResTime" : 1500.7100000000003,
    "throughput" : 6.68167817028925,
    "receivedKBytesPerSec" : 1.7078995810587787,
    "sentKBytesPerSec" : 1.8139712220121205
  },
  "Result Login Validation" : {
    "transaction" : "Result Login Validation",
    "sampleCount" : 2000,
    "errorCount" : 5,
    "errorPct" : 0.25,
    "meanResTime" : 629.1300000000003,
    "medianResTime" : 491.0,
    "minResTime" : 302.0,
    "maxResTime" : 5733.0,
    "pct1ResTime" : 1055.9,
    "pct2ResTime" : 1348.7999999999993,
    "pct3ResTime" : 2229.8500000000004,
    "throughput" : 6.663512604034091,
    "receivedKBytesPerSec" : 1.9128803772464367,
    "sentKBytesPerSec" : 1.874112919884588
  },
  "Submit OTP Result" : {
    "transaction" : "Submit OTP Result",
    "sampleCount" : 2000,
    "errorCount" : 0,
    "errorPct" : 0.0,
    "meanResTime" : 620.2505000000003,
    "medianResTime" : 496.5,
    "minResTime" : 308.0,
    "maxResTime" : 6232.0,
    "pct1ResTime" : 1016.4000000000005,
    "pct2ResTime" : 1343.699999999999,
    "pct3ResTime" : 2150.83,
    "throughput" : 6.678509890873149,
    "receivedKBytesPerSec" : 2.66096878464477,
    "sentKBytesPerSec" : 1.9370287476458252
  },
  "userProfile" : {
    "transaction" : "userProfile",
    "sampleCount" : 2000,
    "errorCount" : 3,
    "errorPct" : 0.15,
    "meanResTime" : 157.2589999999997,
    "medianResTime" : 81.0,
    "minResTime" : 61.0,
    "maxResTime" : 5211.0,
    "pct1ResTime" : 240.9000000000001,
    "pct2ResTime" : 517.6999999999989,
    "pct3ResTime" : 1574.89,
    "throughput" : 6.685184628086466,
    "receivedKBytesPerSec" : 9.097073894688288,
    "sentKBytesPerSec" : 1.9460317840835784
  },
  "Moengage Attributes" : {
    "transaction" : "Moengage Attributes",
    "sampleCount" : 2000,
    "errorCount" : 4,
    "errorPct" : 0.2,
    "meanResTime" : 149.87349999999967,
    "medianResTime" : 74.0,
    "minResTime" : 2.0,
    "maxResTime" : 5800.0,
    "pct1ResTime" : 276.0,
    "pct2ResTime" : 505.7499999999991,
    "pct3ResTime" : 1253.4900000000005,
    "throughput" : 6.714721691572689,
    "receivedKBytesPerSec" : 5.703657718740453,
    "sentKBytesPerSec" : 2.0327770745972007
  },
  "Total" : {
    "transaction" : "Total",
    "sampleCount" : 24000,
    "errorCount" : 35,
    "errorPct" : 0.14583333,
    "meanResTime" : 260.8574999999991,
    "medianResTime" : 133.0,
    "minResTime" : 0.0,
    "maxResTime" : 6232.0,
    "pct1ResTime" : 528.9000000000015,
    "pct2ResTime" : 710.0,
    "pct3ResTime" : 1277.9900000000016,
    "throughput" : 79.45362391289234,
    "receivedKBytesPerSec" : 139.79702185471243,
    "sentKBytesPerSec" : 23.691783279688345
  },
  "Test Dashboard" : {
    "transaction" : "Test Dashboard",
    "sampleCount" : 2000,
    "errorCount" : 3,
    "errorPct" : 0.15,
    "meanResTime" : 241.12899999999956,
    "medianResTime" : 146.0,
    "minResTime" : 91.0,
    "maxResTime" : 4804.0,
    "pct1ResTime" : 452.9000000000001,
    "pct2ResTime" : 725.0,
    "pct3ResTime" : 1539.96,
    "throughput" : 6.71781160569133,
    "receivedKBytesPerSec" : 72.78557968206277,
    "sentKBytesPerSec" : 2.05339358650526
  },
  "Priority API" : {
    "transaction" : "Priority API",
    "sampleCount" : 2000,
    "errorCount" : 4,
    "errorPct" : 0.2,
    "meanResTime" : 112.79349999999984,
    "medianResTime" : 39.0,
    "minResTime" : 0.0,
    "maxResTime" : 5439.0,
    "pct1ResTime" : 216.9000000000001,
    "pct2ResTime" : 431.84999999999945,
    "pct3ResTime" : 1360.92,
    "throughput" : 6.717202419536311,
    "receivedKBytesPerSec" : 2.1705747490285248,
    "sentKBytesPerSec" : 2.0400878442146415
  },
  "App Olympiad Dashboard" : {
    "transaction" : "App Olympiad Dashboard",
    "sampleCount" : 2000,
    "errorCount" : 2,
    "errorPct" : 0.1,
    "meanResTime" : 217.9680000000001,
    "medianResTime" : 119.0,
    "minResTime" : 73.0,
    "maxResTime" : 5434.0,
    "pct1ResTime" : 413.8000000000002,
    "pct2ResTime" : 645.5499999999984,
    "pct3ResTime" : 1573.93,
    "throughput" : 6.686056229732892,
    "receivedKBytesPerSec" : 5.030904727877512,
    "sentKBytesPerSec" : 2.043687109283589
  },
  "Lotte Popup" : {
    "transaction" : "Lotte Popup",
    "sampleCount" : 2000,
    "errorCount" : 3,
    "errorPct" : 0.15,
    "meanResTime" : 93.05550000000014,
    "medianResTime" : 24.0,
    "minResTime" : 15.0,
    "maxResTime" : 5368.0,
    "pct1ResTime" : 191.9000000000001,
    "pct2ResTime" : 443.84999999999945,
    "pct3ResTime" : 1190.2900000000006,
    "throughput" : 6.686860986846945,
    "receivedKBytesPerSec" : 3.7519101958748755,
    "sentKBytesPerSec" : 1.9721015801052513
  },
  "Dashboard Notification" : {
    "transaction" : "Dashboard Notification",
    "sampleCount" : 2000,
    "errorCount" : 3,
    "errorPct" : 0.15,
    "meanResTime" : 85.14599999999992,
    "medianResTime" : 21.0,
    "minResTime" : 1.0,
    "maxResTime" : 4626.0,
    "pct1ResTime" : 158.9000000000001,
    "pct2ResTime" : 428.34999999999764,
    "pct3ResTime" : 1169.99,
    "throughput" : 6.7124906025131565,
    "receivedKBytesPerSec" : 3.3015719341957763,
    "sentKBytesPerSec" : 2.1042084798893783
  },
  "Content Dashboard Performance" : {
    "transaction" : "Content Dashboard Performance",
    "sampleCount" : 2000,
    "errorCount" : 2,
    "errorPct" : 0.1,
    "meanResTime" : 236.61249999999967,
    "medianResTime" : 148.0,
    "minResTime" : 95.0,
    "maxResTime" : 5372.0,
    "pct1ResTime" : 414.9000000000001,
    "pct2ResTime" : 647.7499999999991,
    "pct3ResTime" : 1484.8200000000002,
    "throughput" : 6.71021596830094,
    "receivedKBytesPerSec" : 10.436764549845162,
    "sentKBytesPerSec" : 2.096942490094044
  }
}