{
  "Content Dashboard Home" : {
    "transaction" : "Content Dashboard Home",
    "sampleCount" : 2000,
    "errorCount" : 0,
    "errorPct" : 0.0,
    "meanResTime" : 155.0845000000003,
    "medianResTime" : 143.0,
    "minResTime" : 111.0,
    "maxResTime" : 1354.0,
    "pct1ResTime" : 201.0,
    "pct2ResTime" : 231.94999999999982,
    "pct3ResTime" : 335.97,
    "throughput" : 3.3404038548260484,
    "receivedKBytesPerSec" : 11.525045721777763,
    "sentKBytesPerSec" : 1.0210414126567902
  },
  "Send OTP Result" : {
    "transaction" : "Send OTP Result",
    "sampleCount" : 2000,
    "errorCount" : 0,
    "errorPct" : 0.0,
    "meanResTime" : 269.7994999999997,
    "medianResTime" : 262.0,
    "minResTime" : 252.0,
    "maxResTime" : 1406.0,
    "pct1ResTime" : 284.0,
    "pct2ResTime" : 290.0,
    "pct3ResTime" : 323.0,
    "throughput" : 3.3361245575464804,
    "receivedKBytesPerSec" : 0.8523505030458817,
    "sentKBytesPerSec" : 0.9057056904276577
  },
  "Result Login Validation" : {
    "transaction" : "Result Login Validation",
    "sampleCount" : 2000,
    "errorCount" : 0,
    "errorPct" : 0.0,
    "meanResTime" : 447.9120000000002,
    "medianResTime" : 403.0,
    "minResTime" : 299.0,
    "maxResTime" : 2318.0,
    "pct1ResTime" : 606.0,
    "pct2ResTime" : 716.8999999999996,
    "pct3ResTime" : 1070.9,
    "throughput" : 3.331678599628851,
    "receivedKBytesPerSec" : 0.9565561604403147,
    "sentKBytesPerSec" : 0.9370346061456143
  },
  "Submit OTP Result" : {
    "transaction" : "Submit OTP Result",
    "sampleCount" : 2000,
    "errorCount" : 0,
    "errorPct" : 0.0,
    "meanResTime" : 446.227,
    "medianResTime" : 398.0,
    "minResTime" : 305.0,
    "maxResTime" : 1853.0,
    "pct1ResTime" : 615.9000000000001,
    "pct2ResTime" : 739.8999999999996,
    "pct3ResTime" : 1060.91,
    "throughput" : 3.338792258676269,
    "receivedKBytesPerSec" : 1.330300040566326,
    "sentKBytesPerSec" : 0.9683801765887226
  },
  "userProfile" : {
    "transaction" : "userProfile",
    "sampleCount" : 2000,
    "errorCount" : 0,
    "errorPct" : 0.0,
    "meanResTime" : 76.34100000000004,
    "medianResTime" : 71.0,
    "minResTime" : 60.0,
    "maxResTime" : 1386.0,
    "pct1ResTime" : 91.90000000000009,
    "pct2ResTime" : 104.89999999999964,
    "pct3ResTime" : 144.98000000000002,
    "throughput" : 3.3408279239761196,
    "receivedKBytesPerSec" : 4.551550162426878,
    "sentKBytesPerSec" : 0.9725022848130974
  },
  "Moengage Attributes" : {
    "transaction" : "Moengage Attributes",
    "sampleCount" : 2000,
    "errorCount" : 0,
    "errorPct" : 0.0,
    "meanResTime" : 70.40650000000025,
    "medianResTime" : 61.0,
    "minResTime" : 47.0,
    "maxResTime" : 963.0,
    "pct1ResTime" : 96.0,
    "pct2ResTime" : 120.94999999999982,
    "pct3ResTime" : 193.99,
    "throughput" : 3.347218712291489,
    "receivedKBytesPerSec" : 2.847097166411999,
    "sentKBytesPerSec" : 1.013318164853869
  },
  "Total" : {
    "transaction" : "Total",
    "sampleCount" : 24000,
    "errorCount" : 0,
    "errorPct" : 0.0,
    "meanResTime" : 161.16279166666683,
    "medianResTime" : 105.0,
    "minResTime" : 13.0,
    "maxResTime" : 2318.0,
    "pct1ResTime" : 378.0,
    "pct2ResTime" : 469.9500000000007,
    "pct3ResTime" : 686.0,
    "throughput" : 39.86518921845958,
    "receivedKBytesPerSec" : 70.23359527998235,
    "sentKBytesPerSec" : 11.88715349727754
  },
  "Test Dashboard" : {
    "transaction" : "Test Dashboard",
    "sampleCount" : 2000,
    "errorCount" : 0,
    "errorPct" : 0.0,
    "meanResTime" : 136.44449999999995,
    "medianResTime" : 120.0,
    "minResTime" : 90.0,
    "maxResTime" : 1118.0,
    "pct1ResTime" : 193.0,
    "pct2ResTime" : 238.0,
    "pct3ResTime" : 360.9100000000001,
    "throughput" : 3.3471010757582857,
    "receivedKBytesPerSec" : 36.31800786401398,
    "sentKBytesPerSec" : 1.0230885124143978
  },
  "Priority API" : {
    "transaction" : "Priority API",
    "sampleCount" : 2000,
    "errorCount" : 0,
    "errorPct" : 0.0,
    "meanResTime" : 39.10999999999991,
    "medianResTime" : 33.0,
    "minResTime" : 24.0,
    "maxResTime" : 648.0,
    "pct1ResTime" : 56.0,
    "pct2ResTime" : 74.94999999999982,
    "pct3ResTime" : 124.91000000000008,
    "throughput" : 3.347498832559782,
    "receivedKBytesPerSec" : 1.0820528452903202,
    "sentKBytesPerSec" : 1.016672008716887
  },
  "App Olympiad Dashboard" : {
    "transaction" : "App Olympiad Dashboard",
    "sampleCount" : 2000,
    "errorCount" : 0,
    "errorPct" : 0.0,
    "meanResTime" : 109.32750000000001,
    "medianResTime" : 95.0,
    "minResTime" : 72.0,
    "maxResTime" : 1227.0,
    "pct1ResTime" : 161.0,
    "pct2ResTime" : 193.0,
    "pct3ResTime" : 292.98,
    "throughput" : 3.3407051560443377,
    "receivedKBytesPerSec" : 2.515316089170102,
    "sentKBytesPerSec" : 1.0211335096112086
  },
  "Lotte Popup" : {
    "transaction" : "Lotte Popup",
    "sampleCount" : 2000,
    "errorCount" : 0,
    "errorPct" : 0.0,
    "meanResTime" : 23.514500000000037,
    "medianResTime" : 20.0,
    "minResTime" : 15.0,
    "maxResTime" : 453.0,
    "pct1ResTime" : 31.0,
    "pct2ResTime" : 39.0,
    "pct3ResTime" : 67.93000000000006,
    "throughput" : 3.3411237201407946,
    "receivedKBytesPerSec" : 1.876119276446247,
    "sentKBytesPerSec" : 0.9853704721508986
  },
  "Dashboard Notification" : {
    "transaction" : "Dashboard Notification",
    "sampleCount" : 2000,
    "errorCount" : 0,
    "errorPct" : 0.0,
    "meanResTime" : 21.27499999999997,
    "medianResTime" : 18.0,
    "minResTime" : 13.0,
    "maxResTime" : 178.0,
    "pct1ResTime" : 29.0,
    "pct2ResTime" : 37.0,
    "pct3ResTime" : 64.99000000000001,
    "throughput" : 3.3411125570703786,
    "receivedKBytesPerSec" : 1.6444538366830772,
    "sentKBytesPerSec" : 1.0473604793160076
  },
  "Content Dashboard Performance" : {
    "transaction" : "Content Dashboard Performance",
    "sampleCount" : 2000,
    "errorCount" : 0,
    "errorPct" : 0.0,
    "meanResTime" : 138.5115,
    "medianResTime" : 124.0,
    "minResTime" : 94.0,
    "maxResTime" : 1412.0,
    "pct1ResTime" : 187.9000000000001,
    "pct2ResTime" : 220.94999999999982,
    "pct3ResTime" : 312.99,
    "throughput" : 3.3404540679214523,
    "receivedKBytesPerSec" : 5.1998865080730425,
    "sentKBytesPerSec" : 1.043891896225454
  }
}