{
  "Content Dashboard Home" : {
    "transaction" : "Content Dashboard Home",
    "sampleCount" : 5000,
    "errorCount" : 0,
    "errorPct" : 0.0,
    "meanResTime" : 212.84720000000004,
    "medianResTime" : 156.0,
    "minResTime" : 113.0,
    "maxResTime" : 7091.0,
    "pct1ResTime" : 299.90000000000055,
    "pct2ResTime" : 430.9499999999998,
    "pct3ResTime" : 1184.949999999999,
    "throughput" : 5.5686790759111195,
    "receivedKBytesPerSec" : 19.213030444525376,
    "sentKBytesPerSec" : 1.7021450691017386
  },
  "Send OTP Result" : {
    "transaction" : "Send OTP Result",
    "sampleCount" : 5000,
    "errorCount" : 0,
    "errorPct" : 0.0,
    "meanResTime" : 326.6002,
    "medianResTime" : 272.0,
    "minResTime" : 253.0,
    "maxResTime" : 6126.0,
    "pct1ResTime" : 313.0,
    "pct2ResTime" : 479.7499999999991,
    "pct3ResTime" : 1675.8499999999967,
    "throughput" : 5.559818082752332,
    "receivedKBytesPerSec" : 1.4209005550088403,
    "sentKBytesPerSec" : 1.5094037373097153
  },
  "Result Login Validation" : {
    "transaction" : "Result Login Validation",
    "sampleCount" : 5000,
    "errorCount" : 0,
    "errorPct" : 0.0,
    "meanResTime" : 572.4104000000002,
    "medianResTime" : 450.0,
    "minResTime" : 305.0,
    "maxResTime" : 7987.0,
    "pct1ResTime" : 975.9000000000005,
    "pct2ResTime" : 1191.8999999999996,
    "pct3ResTime" : 2120.4699999999884,
    "throughput" : 5.5547964000475485,
    "receivedKBytesPerSec" : 1.5948341226699017,
    "sentKBytesPerSec" : 1.562286487513373
  },
  "Submit OTP Result" : {
    "transaction" : "Submit OTP Result",
    "sampleCount" : 5000,
    "errorCount" : 0,
    "errorPct" : 0.0,
    "meanResTime" : 573.5858000000001,
    "medianResTime" : 452.0,
    "minResTime" : 313.0,
    "maxResTime" : 6893.0,
    "pct1ResTime" : 955.0,
    "pct2ResTime" : 1165.0,
    "pct3ResTime" : 2269.909999999998,
    "throughput" : 5.560999155840328,
    "receivedKBytesPerSec" : 2.2157106011551306,
    "sentKBytesPerSec" : 1.6129069817232202
  },
  "userProfile" : {
    "transaction" : "userProfile",
    "sampleCount" : 5000,
    "errorCount" : 0,
    "errorPct" : 0.0,
    "meanResTime" : 113.87319999999978,
    "medianResTime" : 75.0,
    "minResTime" : 60.0,
    "maxResTime" : 5153.0,
    "pct1ResTime" : 126.0,
    "pct2ResTime" : 256.0,
    "pct3ResTime" : 767.909999999998,
    "throughput" : 5.563307096777065,
    "receivedKBytesPerSec" : 7.5952582907879425,
    "sentKBytesPerSec" : 1.6193254876099588
  },
  "Moengage Attributes" : {
    "transaction" : "Moengage Attributes",
    "sampleCount" : 5000,
    "errorCount" : 0,
    "errorPct" : 0.0,
    "meanResTime" : 115.43819999999988,
    "medianResTime" : 69.0,
    "minResTime" : 47.0,
    "maxResTime" : 5859.0,
    "pct1ResTime" : 148.0,
    "pct2ResTime" : 287.0,
    "pct3ResTime" : 1019.6999999999935,
    "throughput" : 5.569510272961698,
    "receivedKBytesPerSec" : 4.737347116943007,
    "sentKBytesPerSec" : 1.6860822115411391
  },
  "Total" : {
    "transaction" : "Total",
    "sampleCount" : 60000,
    "errorCount" : 0,
    "errorPct" : 0.0,
    "meanResTime" : 223.99755000000067,
    "medianResTime" : 124.0,
    "minResTime" : 13.0,
    "maxResTime" : 7987.0,
    "pct1ResTime" : 474.0,
    "pct2ResTime" : 662.9500000000007,
    "pct3ResTime" : 1185.9900000000016,
    "throughput" : 66.55263981045809,
    "receivedKBytesPerSec" : 117.26711077901805,
    "sentKBytesPerSec" : 19.844787241956002
  },
  "Test Dashboard" : {
    "transaction" : "Test Dashboard",
    "sampleCount" : 5000,
    "errorCount" : 0,
    "errorPct" : 0.0,
    "meanResTime" : 201.4848000000003,
    "medianResTime" : 134.0,
    "minResTime" : 90.0,
    "maxResTime" : 6332.0,
    "pct1ResTime" : 300.90000000000055,
    "pct2ResTime" : 480.0,
    "pct3ResTime" : 1307.9299999999985,
    "throughput" : 5.570285867070698,
    "receivedKBytesPerSec" : 60.44086549709231,
    "sentKBytesPerSec" : 1.7026362074151646
  },
  "Priority API" : {
    "transaction" : "Priority API",
    "sampleCount" : 5000,
    "errorCount" : 0,
    "errorPct" : 0.0,
    "meanResTime" : 78.65339999999988,
    "medianResTime" : 37.0,
    "minResTime" : 24.0,
    "maxResTime" : 5650.0,
    "pct1ResTime" : 93.0,
    "pct2ResTime" : 233.94999999999982,
    "pct3ResTime" : 944.8299999999963,
    "throughput" : 5.569696395849462,
    "receivedKBytesPerSec" : 1.800360846705246,
    "sentKBytesPerSec" : 1.6915777139738113
  },
  "App Olympiad Dashboard" : {
    "transaction" : "App Olympiad Dashboard",
    "sampleCount" : 5000,
    "errorCount" : 0,
    "errorPct" : 0.0,
    "meanResTime" : 166.78219999999993,
    "medianResTime" : 108.0,
    "minResTime" : 73.0,
    "maxResTime" : 5124.0,
    "pct1ResTime" : 243.90000000000055,
    "pct2ResTime" : 403.9499999999998,
    "pct3ResTime" : 1249.7399999999943,
    "throughput" : 5.569063628779584,
    "receivedKBytesPerSec" : 4.193113337684628,
    "sentKBytesPerSec" : 1.7022626130937597
  },
  "Lotte Popup" : {
    "transaction" : "Lotte Popup",
    "sampleCount" : 5000,
    "errorCount" : 0,
    "errorPct" : 0.0,
    "meanResTime" : 63.603799999999694,
    "medianResTime" : 23.0,
    "minResTime" : 15.0,
    "maxResTime" : 6124.0,
    "pct1ResTime" : 70.0,
    "pct2ResTime" : 213.94999999999982,
    "pct3ResTime" : 769.9599999999991,
    "throughput" : 5.569491661357085,
    "receivedKBytesPerSec" : 3.1274001028128158,
    "sentKBytesPerSec" : 1.6425649235642963
  },
  "Dashboard Notification" : {
    "transaction" : "Dashboard Notification",
    "sampleCount" : 5000,
    "errorCount" : 0,
    "errorPct" : 0.0,
    "meanResTime" : 58.61600000000008,
    "medianResTime" : 20.0,
    "minResTime" : 13.0,
    "maxResTime" : 4181.0,
    "pct1ResTime" : 58.0,
    "pct2ResTime" : 188.0,
    "pct3ResTime" : 876.359999999986,
    "throughput" : 5.569510272961698,
    "receivedKBytesPerSec" : 2.741243337473336,
    "sentKBytesPerSec" : 1.74591093517647
  },
  "Content Dashboard Performance" : {
    "transaction" : "Content Dashboard Performance",
    "sampleCount" : 5000,
    "errorCount" : 0,
    "errorPct" : 0.0,
    "meanResTime" : 204.07539999999955,
    "medianResTime" : 137.0,
    "minResTime" : 95.0,
    "maxResTime" : 5545.0,
    "pct1ResTime" : 295.0,
    "pct2ResTime" : 450.89999999999964,
    "pct3ResTime" : 1283.8699999999972,
    "throughput" : 5.568889953165636,
    "receivedKBytesPerSec" : 8.668760337251975,
    "sentKBytesPerSec" : 1.740278110364261
  }
}