{
  "sub-user-0" : {
    "transaction" : "sub-user-0",
    "sampleCount" : 100,
    "errorCount" : 0,
    "errorPct" : 0.0,
    "meanResTime" : 986.5000000000002,
    "medianResTime" : 531.0,
    "minResTime" : 171.0,
    "maxResTime" : 32338.0,
    "pct1ResTime" : 831.9000000000001,
    "pct2ResTime" : 855.9,
    "pct3ResTime" : 32146.399999999903,
    "throughput" : 2.9985906623886773,
    "receivedKBytesPerSec" : 0.6032321059102222,
    "sentKBytesPerSec" : 0.7613609103721252
  },
  "Search for Test Users" : {
    "transaction" : "Search for Test Users",
    "sampleCount" : 100,
    "errorCount" : 0,
    "errorPct" : 0.0,
    "meanResTime" : 3558.640000000001,
    "medianResTime" : 3601.0,
    "minResTime" : 2587.0,
    "maxResTime" : 4372.0,
    "pct1ResTime" : 4230.0,
    "pct2ResTime" : 4294.9,
    "pct3ResTime" : 4371.7,
    "throughput" : 22.841480127912288,
    "receivedKBytesPerSec" : 153.37697007766104,
    "sentKBytesPerSec" : 6.558003083599817
  },
  "General Submit OTP" : {
    "transaction" : "General Submit OTP",
    "sampleCount" : 100,
    "errorCount" : 0,
    "errorPct" : 0.0,
    "meanResTime" : 11834.030000000006,
    "medianResTime" : 11752.0,
    "minResTime" : 270.0,
    "maxResTime" : 23548.0,
    "pct1ResTime" : 21469.100000000002,
    "pct2ResTime" : 22846.05,
    "pct3ResTime" : 23547.93,
    "throughput" : 4.076807044722573,
    "receivedKBytesPerSec" : 1.0908643850136572,
    "sentKBytesPerSec" : 1.0231830180602552
  },
  "Test Users Login" : {
    "transaction" : "Test Users Login",
    "sampleCount" : 100,
    "errorCount" : 0,
    "errorPct" : 0.0,
    "meanResTime" : 587.5799999999997,
    "medianResTime" : 596.0,
    "minResTime" : 285.0,
    "maxResTime" : 895.0,
    "pct1ResTime" : 831.4000000000001,
    "pct2ResTime" : 865.4999999999999,
    "pct3ResTime" : 894.9399999999999,
    "throughput" : 76.98229407236336,
    "receivedKBytesPerSec" : 25.560527328714397,
    "sentKBytesPerSec" : 18.794505388760587
  },
  "test-state" : {
    "transaction" : "test-state",
    "sampleCount" : 100,
    "errorCount" : 0,
    "errorPct" : 0.0,
    "meanResTime" : 3739.660000000002,
    "medianResTime" : 3855.0,
    "minResTime" : 3.0,
    "maxResTime" : 7081.0,
    "pct1ResTime" : 6485.9,
    "pct2ResTime" : 6944.9,
    "pct3ResTime" : 7080.61,
    "throughput" : 12.489072061945798,
    "receivedKBytesPerSec" : 3.7808714250031223,
    "sentKBytesPerSec" : 3.3418024853253403
  },
  "getTestState" : {
    "transaction" : "getTestState",
    "sampleCount" : 100,
    "errorCount" : 0,
    "errorPct" : 0.0,
    "meanResTime" : 3443.140000000002,
    "medianResTime" : 3430.5,
    "minResTime" : 1281.0,
    "maxResTime" : 5847.0,
    "pct1ResTime" : 5129.8,
    "pct2ResTime" : 5644.949999999999,
    "pct3ResTime" : 5846.55,
    "throughput" : 7.177720356014929,
    "receivedKBytesPerSec" : 1.7383541487223657,
    "sentKBytesPerSec" : 1.8364870442147574
  },
  "General Send OTP" : {
    "transaction" : "General Send OTP",
    "sampleCount" : 100,
    "errorCount" : 0,
    "errorPct" : 0.0,
    "meanResTime" : 13825.32,
    "medianResTime" : 13851.0,
    "minResTime" : 2933.0,
    "maxResTime" : 24930.0,
    "pct1ResTime" : 23150.100000000002,
    "pct2ResTime" : 24141.25,
    "pct3ResTime" : 24928.809999999998,
    "throughput" : 3.745318352059925,
    "receivedKBytesPerSec" : 0.9242231390449438,
    "sentKBytesPerSec" : 1.0204529494382022
  },
  "getQuestionWiseAnalysis" : {
    "transaction" : "getQuestionWiseAnalysis",
    "sampleCount" : 100,
    "errorCount" : 0,
    "errorPct" : 0.0,
    "meanResTime" : 4284.35,
    "medianResTime" : 4331.5,
    "minResTime" : 181.0,
    "maxResTime" : 7341.0,
    "pct1ResTime" : 6897.800000000001,
    "pct2ResTime" : 7184.75,
    "pct3ResTime" : 7340.84,
    "throughput" : 10.680337498664958,
    "receivedKBytesPerSec" : 255.62928882302683,
    "sentKBytesPerSec" : 2.8265346309943395
  },
  "sub-user-1" : {
    "transaction" : "sub-user-1",
    "sampleCount" : 100,
    "errorCount" : 0,
    "errorPct" : 0.0,
    "meanResTime" : 18503.34,
    "medianResTime" : 18461.0,
    "minResTime" : 1271.0,
    "maxResTime" : 35575.0,
    "pct1ResTime" : 33408.1,
    "pct2ResTime" : 34575.9,
    "pct3ResTime" : 35575.0,
    "throughput" : 2.376143519068552,
    "receivedKBytesPerSec" : 119.98364544968516,
    "sentKBytesPerSec" : 0.6056381430438398
  },
  "extras" : {
    "transaction" : "extras",
    "sampleCount" : 100,
    "errorCount" : 0,
    "errorPct" : 0.0,
    "meanResTime" : 3938.19,
    "medianResTime" : 3900.5,
    "minResTime" : 750.0,
    "maxResTime" : 7892.0,
    "pct1ResTime" : 6573.400000000001,
    "pct2ResTime" : 6827.799999999999,
    "pct3ResTime" : 7887.399999999998,
    "throughput" : 4.936321453253036,
    "receivedKBytesPerSec" : 5.688339174647053,
    "sentKBytesPerSec" : 1.2389009897324514
  },
  "testLeaderboard" : {
    "transaction" : "testLeaderboard",
    "sampleCount" : 100,
    "errorCount" : 0,
    "errorPct" : 0.0,
    "meanResTime" : 7495.240000000003,
    "medianResTime" : 7627.0,
    "minResTime" : 1905.0,
    "maxResTime" : 7878.0,
    "pct1ResTime" : 7816.6,
    "pct2ResTime" : 7838.6,
    "pct3ResTime" : 7877.91,
    "throughput" : 4.336889582791223,
    "receivedKBytesPerSec" : 28.545542761731287,
    "sentKBytesPerSec" : 1.1350453204961402
  },
  "menu" : {
    "transaction" : "menu",
    "sampleCount" : 100,
    "errorCount" : 0,
    "errorPct" : 0.0,
    "meanResTime" : 2203.4499999999994,
    "medianResTime" : 2186.0,
    "minResTime" : 1735.0,
    "maxResTime" : 4247.0,
    "pct1ResTime" : 2584.3,
    "pct2ResTime" : 2636.6,
    "pct3ResTime" : 4231.299999999992,
    "throughput" : 10.855405992184108,
    "receivedKBytesPerSec" : 5.745732468519323,
    "sentKBytesPerSec" : 2.713851498046027
  },
  "userProfile" : {
    "transaction" : "userProfile",
    "sampleCount" : 100,
    "errorCount" : 0,
    "errorPct" : 0.0,
    "meanResTime" : 20015.710000000003,
    "medianResTime" : 20502.0,
    "minResTime" : 1983.0,
    "maxResTime" : 34592.0,
    "pct1ResTime" : 32338.6,
    "pct2ResTime" : 33831.0,
    "pct3ResTime" : 34591.92,
    "throughput" : 2.336721579623788,
    "receivedKBytesPerSec" : 3.1057403026054446,
    "sentKBytesPerSec" : 0.591026258908751
  },
  "referral_page" : {
    "transaction" : "referral_page",
    "sampleCount" : 100,
    "errorCount" : 0,
    "errorPct" : 0.0,
    "meanResTime" : 2143.0800000000004,
    "medianResTime" : 1985.0,
    "minResTime" : 1745.0,
    "maxResTime" : 9339.0,
    "pct1ResTime" : 2229.8,
    "pct2ResTime" : 2525.8499999999967,
    "pct3ResTime" : 9327.699999999993,
    "throughput" : 6.296039790971479,
    "receivedKBytesPerSec" : 108.71121049235032,
    "sentKBytesPerSec" : 1.629346234968205
  },
  "get-priority" : {
    "transaction" : "get-priority",
    "sampleCount" : 100,
    "errorCount" : 0,
    "errorPct" : 0.0,
    "meanResTime" : 3823.0699999999993,
    "medianResTime" : 3815.0,
    "minResTime" : 1457.0,
    "maxResTime" : 6329.0,
    "pct1ResTime" : 5910.3,
    "pct2ResTime" : 6062.65,
    "pct3ResTime" : 6327.969999999999,
    "throughput" : 9.316191540898082,
    "receivedKBytesPerSec" : 4.175910075461151,
    "sentKBytesPerSec" : 2.474613378051053
  },
  "sub-user" : {
    "transaction" : "sub-user",
    "sampleCount" : 100,
    "errorCount" : 0,
    "errorPct" : 0.0,
    "meanResTime" : 19490.05,
    "medianResTime" : 18982.5,
    "minResTime" : 2127.0,
    "maxResTime" : 41932.0,
    "pct1ResTime" : 34499.40000000001,
    "pct2ResTime" : 35762.9,
    "pct3ResTime" : 41907.80999999999,
    "throughput" : 2.3286682346366114,
    "receivedKBytesPerSec" : 118.05483795379922,
    "sentKBytesPerSec" : 1.1848009279742915
  },
  "updateModal" : {
    "transaction" : "updateModal",
    "sampleCount" : 100,
    "errorCount" : 0,
    "errorPct" : 0.0,
    "meanResTime" : 4346.59,
    "medianResTime" : 4343.5,
    "minResTime" : 1802.0,
    "maxResTime" : 6118.0,
    "pct1ResTime" : 5893.2,