{
  "sub-user-0" : {
    "transaction" : "sub-user-0",
    "sampleCount" : 200,
    "errorCount" : 0,
    "errorPct" : 0.0,
    "meanResTime" : 34450.095,
    "medianResTime" : 34287.5,
    "minResTime" : 1026.0,
    "maxResTime" : 67542.0,
    "pct1ResTime" : 61432.1,
    "pct2ResTime" : 64608.6,
    "pct3ResTime" : 67536.92,
    "throughput" : 2.0113439800474677,
    "receivedKBytesPerSec" : 0.40462583973611166,
    "sentKBytesPerSec" : 0.5106928074339273
  },
  "test-state" : {
    "transaction" : "test-state",
    "sampleCount" : 200,
    "errorCount" : 0,
    "errorPct" : 0.0,
    "meanResTime" : 9463.765000000009,
    "medianResTime" : 9636.0,
    "minResTime" : 3.0,
    "maxResTime" : 17799.0,
    "pct1ResTime" : 16496.600000000002,
    "pct2ResTime" : 17267.5,
    "pct3ResTime" : 17772.94,
    "throughput" : 10.329511414110112,
    "receivedKBytesPerSec" : 3.1270981820059913,
    "sentKBytesPerSec" : 2.7639512963536825
  },
  "getTestState" : {
    "transaction" : "getTestState",
    "sampleCount" : 200,
    "errorCount" : 0,
    "errorPct" : 0.0,
    "meanResTime" : 5732.84,
    "medianResTime" : 5817.5,
    "minResTime" : 2496.0,
    "maxResTime" : 12482.0,
    "pct1ResTime" : 8386.9,
    "pct2ResTime" : 8755.55,
    "pct3ResTime" : 9158.920000000002,
    "throughput" : 7.919223916056227,
    "receivedKBytesPerSec" : 1.9179370421698674,
    "sentKBytesPerSec" : 2.033941298752722
  },
  "sub-login" : {
    "transaction" : "sub-login",
    "sampleCount" : 200,
    "errorCount" : 0,
    "errorPct" : 0.0,
    "meanResTime" : 45198.59999999996,
    "medianResTime" : 45353.5,
    "minResTime" : 10587.0,
    "maxResTime" : 79855.0,
    "pct1ResTime" : 73246.0,
    "pct2ResTime" : 76359.79999999999,
    "pct3ResTime" : 79595.92,
    "throughput" : 2.4731049833065417,
    "receivedKBytesPerSec" : 0.8235632805737603,
    "sentKBytesPerSec" : 0.6338297576357116
  },
  "getQuestionWiseAnalysis" : {
    "transaction" : "getQuestionWiseAnalysis",
    "sampleCount" : 200,
    "errorCount" : 0,
    "errorPct" : 0.0,
    "meanResTime" : 10123.585000000006,
    "medianResTime" : 10050.5,
    "minResTime" : 913.0,
    "maxResTime" : 18147.0,
    "pct1ResTime" : 16986.9,
    "pct2ResTime" : 17683.85,
    "pct3ResTime" : 18083.6,
    "throughput" : 9.165062780680048,
    "receivedKBytesPerSec" : 273.43065305368435,
    "sentKBytesPerSec" : 2.4344698011181376
  },
  "sub-user-1" : {
    "transaction" : "sub-user-1",
    "sampleCount" : 200,
    "errorCount" : 0,
    "errorPct" : 0.0,
    "meanResTime" : 15432.994999999994,
    "medianResTime" : 14340.0,
    "minResTime" : 1121.0,
    "maxResTime" : 31327.0,
    "pct1ResTime" : 29034.1,
    "pct2ResTime" : 29937.949999999997,
    "pct3ResTime" : 31110.74,
    "throughput" : 4.83851457602516,
    "receivedKBytesPerSec" : 93.13249875257046,
    "sentKBytesPerSec" : 1.233254203459538
  },
  "extras" : {
    "transaction" : "extras",
    "sampleCount" : 200,
    "errorCount" : 0,
    "errorPct" : 0.0,
    "meanResTime" : 7486.970000000002,
    "medianResTime" : 7428.0,
    "minResTime" : 1417.0,
    "maxResTime" : 15152.0,
    "pct1ResTime" : 12558.7,
    "pct2ResTime" : 13147.449999999999,
    "pct3ResTime" : 13610.97,
    "throughput" : 6.376127777600663,
    "receivedKBytesPerSec" : 7.281519241958109,
    "sentKBytesPerSec" : 1.606485318965792
  },
  "testLeaderboard" : {
    "transaction" : "testLeaderboard",
    "sampleCount" : 200,
    "errorCount" : 0,
    "errorPct" : 0.0,
    "meanResTime" : 17119.050000000007,
    "medianResTime" : 17295.0,
    "minResTime" : 3472.0,
    "maxResTime" : 19566.0,
    "pct1ResTime" : 19168.8,
    "pct2ResTime" : 19333.65,
    "pct3ResTime" : 19498.59,
    "throughput" : 5.2764879696074285,
    "receivedKBytesPerSec" : 47.55022556986069,
    "sentKBytesPerSec" : 1.386108656078514
  },
  "menu" : {
    "transaction" : "menu",
    "sampleCount" : 200,
    "errorCount" : 0,
    "errorPct" : 0.0,
    "meanResTime" : 4259.749999999998,
    "medianResTime" : 4280.0,
    "minResTime" : 3421.0,
    "maxResTime" : 5173.0,
    "pct1ResTime" : 4831.6,
    "pct2ResTime" : 4888.85,
    "pct3ResTime" : 5131.6900000000005,
    "throughput" : 14.418571119602047,
    "receivedKBytesPerSec" : 7.3272812882993295,
    "sentKBytesPerSec" : 3.618723415759498
  },
  "userProfile" : {
    "transaction" : "userProfile",
    "sampleCount" : 200,
    "errorCount" : 0,
    "errorPct" : 0.0,
    "meanResTime" : 20590.040000000005,
    "medianResTime" : 21400.5,
    "minResTime" : 3191.0,
    "maxResTime" : 30702.0,
    "pct1ResTime" : 29252.8,
    "pct2ResTime" : 29917.75,
    "pct3ResTime" : 30629.190000000002,
    "throughput" : 4.607764082478977,
    "receivedKBytesPerSec" : 6.177643704642322,
    "sentKBytesPerSec" : 1.1699400990669278
  },
  "referral_page" : {
    "transaction" : "referral_page",
    "sampleCount" : 200,
    "errorCount" : 0,
    "errorPct" : 0.0,
    "meanResTime" : 4010.899999999999,
    "medianResTime" : 3974.0,
    "minResTime" : 3437.0,
    "maxResTime" : 8110.0,
    "pct1ResTime" : 4448.9,
    "pct2ResTime" : 4515.3,
    "pct3ResTime" : 4871.410000000001,
    "throughput" : 11.869436201780417,
    "receivedKBytesPerSec" : 205.32038204747772,
    "sentKBytesPerSec" : 3.0832715133531154
  },
  "get-priority" : {
    "transaction" : "get-priority",
    "sampleCount" : 200,
    "errorCount" : 0,
    "errorPct" : 0.0,
    "meanResTime" : 7817.710000000001,
    "medianResTime" : 7417.0,
    "minResTime" : 2599.0,
    "maxResTime" : 13204.0,
    "pct1ResTime" : 12433.6,
    "pct2ResTime" : 12781.9,
    "pct3ResTime" : 13061.82,
    "throughput" : 9.472836640932126,
    "receivedKBytesPerSec" : 4.098713248354095,
    "sentKBytesPerSec" : 2.5254730497797566
  },
  "sub-user" : {
    "transaction" : "sub-user",
    "sampleCount" : 200,
    "errorCount" : 0,
    "errorPct" : 0.0,
    "meanResTime" : 49883.18000000003,
    "medianResTime" : 52967.5,
    "minResTime" : 27973.0,
    "maxResTime" : 70781.0,
    "pct1ResTime" : 65370.7,
    "pct2ResTime" : 68119.99999999999,
    "pct3ResTime" : 70285.77,
    "throughput" : 1.8369858735786322,
    "receivedKBytesPerSec" : 35.72814639801514,
    "sentKBytesPerSec" : 0.9346383204438158
  },
  "updateModal" : {
    "transaction" : "updateModal",
    "sampleCount" : 200,
    "errorCount" : 0,
    "errorPct" : 0.0,
    "meanResTime" : 9016.425000000001,
    "medianResTime" : 9432.5,
    "minResTime" : 3463.0,
    "maxResTime" : 12950.0,
    "pct1ResTime" : 12182.6,
    "pct2ResTime" : 12477.95,
    "pct3ResTime" : 12949.67,
    "throughput" : 9.119095385737735,
    "receivedKBytesPerSec" : 11.408353447588,
    "sentKBytesPerSec" : 2.315395312784972
  },
  "olympiadTestCard" : {
    "transaction" : "olympiadTestCard",
    "sampleCount" : 200,
    "errorCount" : 0,
    "errorPct" : 0.0,
    "meanResTime" : 6481.840000000002,
    "medianResTime" : 6474.5,
    "minResTime" : 2734.0,
    "maxResTime" : 8523.0,
    "pct1ResTime" : 8200.8,
    "pct2ResTime" : 8365.55,
    "pct3ResTime" : 8489.65,
    "throughput" : 12.440131865397772,
    "receivedKBytesPerSec" : 19.759339331809414,
    "sentKBytesPerSec" : 3.2315186290974682
  },
  "Total" : {
    "transaction" : "Total",
    "sampleCount" : 4000,
    "errorCount" : 0,
    "errorPct" : 0.0,
    "meanResTime" : 14053.976500000033,
    "medianResTime" : 8367.0,
    "minResTime" : 3.0,
    "maxResTime" : 79855.0,
    "pct1ResTime" : 32930.10000000002,
    "pct2ResTime" : 54416.74999999998,
    "pct3ResTime" : 68797.62999999999,
    "throughput" : 17.21859436004942,
    "receivedKBytesPerSec" : 94.00928781741403,
    "sentKBytesPerSec" : 4.688401285798534
  },
  "checkLQLiveUpsell" : {
    "transaction" : "checkLQLiveUpsell",
    "sampleCount" : 200,
    "errorCount" : 0,
    "errorPct" : 0.0,
    "meanResTime" : 2473.2950000000023,
    "medianResTime" : 2500.0,
    "minResTime" : 2125.0,
    "maxResTime" : 2825.0,
    "pct1ResTime" : 2616.4,
    "pct2ResTime" : 2692.2999999999997,