{
  "sub-user-0" : {
    "transaction" : "sub-user-0",
    "sampleCount" : 10,
    "errorCount" : 0,
    "errorPct" : 0.0,
    "meanResTime" : 1806.1999999999998,
    "medianResTime" : 1077.0,
    "minResTime" : 53.0,
    "maxResTime" : 5035.0,
    "pct1ResTime" : 4935.700000000001,
    "pct2ResTime" : 5035.0,
    "pct3ResTime" : 5035.0,
    "throughput" : 1.7286084701815039,
    "receivedKBytesPerSec" : 0.34774740708729474,
    "sentKBytesPerSec" : 0.43890449438202245
  },
  "test-state" : {
    "transaction" : "test-state",
    "sampleCount" : 10,
    "errorCount" : 0,
    "errorPct" : 0.0,
    "meanResTime" : 190.4,
    "medianResTime" : 111.5,
    "minResTime" : 3.0,
    "maxResTime" : 564.0,
    "pct1ResTime" : 547.1,
    "pct2ResTime" : 564.0,
    "pct3ResTime" : 564.0,
    "throughput" : 10.95290251916758,
    "receivedKBytesPerSec" : 3.3158200985761224,
    "sentKBytesPerSec" : 2.9307571193866373
  },
  "getTestState" : {
    "transaction" : "getTestState",
    "sampleCount" : 10,
    "errorCount" : 0,
    "errorPct" : 0.0,
    "meanResTime" : 301.4,
    "medianResTime" : 284.5,
    "minResTime" : 174.0,
    "maxResTime" : 434.0,
    "pct1ResTime" : 432.8,
    "pct2ResTime" : 434.0,
    "pct3ResTime" : 434.0,
    "throughput" : 9.784735812133071,
    "receivedKBytesPerSec" : 2.3697407045009786,
    "sentKBytesPerSec" : 2.5130717954990214
  },
  "sub-login" : {
    "transaction" : "sub-login",
    "sampleCount" : 10,
    "errorCount" : 0,
    "errorPct" : 0.0,
    "meanResTime" : 4753.200000000001,
    "medianResTime" : 5346.0,
    "minResTime" : 1604.0,
    "maxResTime" : 6681.0,
    "pct1ResTime" : 6638.400000000001,
    "pct2ResTime" : 6681.0,
    "pct3ResTime" : 6681.0,
    "throughput" : 1.4792899408284024,
    "receivedKBytesPerSec" : 0.4926151072485207,
    "sentKBytesPerSec" : 0.37921250924556216
  },
  "getQuestionWiseAnalysis" : {
    "transaction" : "getQuestionWiseAnalysis",
    "sampleCount" : 10,
    "errorCount" : 0,
    "errorPct" : 0.0,
    "meanResTime" : 557.1,
    "medianResTime" : 545.5,
    "minResTime" : 137.0,
    "maxResTime" : 968.0,
    "pct1ResTime" : 952.1,
    "pct2ResTime" : 968.0,
    "pct3ResTime" : 968.0,
    "throughput" : 8.25082508250825,
    "receivedKBytesPerSec" : 237.9396142739274,
    "sentKBytesPerSec" : 2.191625412541254
  },
  "sub-user-1" : {
    "transaction" : "sub-user-1",
    "sampleCount" : 10,
    "errorCount" : 0,
    "errorPct" : 0.0,
    "meanResTime" : 515.4,
    "medianResTime" : 604.5,
    "minResTime" : 206.0,
    "maxResTime" : 768.0,
    "pct1ResTime" : 767.3,
    "pct2ResTime" : 768.0,
    "pct3ResTime" : 768.0,
    "throughput" : 6.934812760055479,
    "receivedKBytesPerSec" : 25.761745839112344,
    "sentKBytesPerSec" : 1.767564580443828
  },
  "extras" : {
    "transaction" : "extras",
    "sampleCount" : 10,
    "errorCount" : 0,
    "errorPct" : 0.0,
    "meanResTime" : 465.4,
    "medianResTime" : 439.0,
    "minResTime" : 249.0,
    "maxResTime" : 810.0,
    "pct1ResTime" : 792.0,
    "pct2ResTime" : 810.0,
    "pct3ResTime" : 810.0,
    "throughput" : 4.7125353440150795,
    "receivedKBytesPerSec" : 5.374315209707823,
    "sentKBytesPerSec" : 1.1873380065975496
  },
  "testLeaderboard" : {
    "transaction" : "testLeaderboard",
    "sampleCount" : 10,
    "errorCount" : 0,
    "errorPct" : 0.0,
    "meanResTime" : 705.9,
    "medianResTime" : 726.5,
    "minResTime" : 294.0,
    "maxResTime" : 859.0,
    "pct1ResTime" : 856.2,
    "pct2ResTime" : 859.0,
    "pct3ResTime" : 859.0,
    "throughput" : 4.0096230954290295,
    "receivedKBytesPerSec" : 36.13359562951082,
    "sentKBytesPerSec" : 1.053309192060946
  },
  "menu" : {
    "transaction" : "menu",
    "sampleCount" : 10,
    "errorCount" : 0,
    "errorPct" : 0.0,
    "meanResTime" : 224.7,
    "medianResTime" : 217.5,
    "minResTime" : 193.0,
    "maxResTime" : 303.0,
    "pct1ResTime" : 297.70000000000005,
    "pct2ResTime" : 303.0,
    "pct3ResTime" : 303.0,
    "throughput" : 11.723329425556859,
    "receivedKBytesPerSec" : 5.941804660023447,
    "sentKBytesPerSec" : 2.94228092028136
  },
  "userProfile" : {
    "transaction" : "userProfile",
    "sampleCount" : 10,
    "errorCount" : 0,
    "errorPct" : 0.0,
    "meanResTime" : 649.9,
    "medianResTime" : 656.5,
    "minResTime" : 213.0,
    "maxResTime" : 868.0,
    "pct1ResTime" : 861.1,
    "pct2ResTime" : 868.0,
    "pct3ResTime" : 868.0,
    "throughput" : 6.910850034554251,
    "receivedKBytesPerSec" : 9.316149792674498,
    "sentKBytesPerSec" : 1.75470801658604
  },
  "referral_page" : {
    "transaction" : "referral_page",
    "sampleCount" : 10,
    "errorCount" : 0,
    "errorPct" : 0.0,
    "meanResTime" : 298.2,
    "medianResTime" : 303.0,
    "minResTime" : 265.0,
    "maxResTime" : 318.0,
    "pct1ResTime" : 317.8,
    "pct2ResTime" : 318.0,
    "pct3ResTime" : 318.0,
    "throughput" : 11.148272017837236,
    "receivedKBytesPerSec" : 192.83026755852842,
    "sentKBytesPerSec" : 2.8959378483835003
  },
  "get-priority" : {
    "transaction" : "get-priority",
    "sampleCount" : 10,
    "errorCount" : 0,
    "errorPct" : 0.0,
    "meanResTime" : 365.5,
    "medianResTime" : 359.0,
    "minResTime" : 218.0,
    "maxResTime" : 474.0,
    "pct1ResTime" : 473.4,
    "pct2ResTime" : 474.0,
    "pct3ResTime" : 474.0,
    "throughput" : 10.330578512396695,
    "receivedKBytesPerSec" : 4.469185821280992,
    "sentKBytesPerSec" : 2.7541483729338845
  },
  "sub-user" : {
    "transaction" : "sub-user",
    "sampleCount" : 10,
    "errorCount" : 0,
    "errorPct" : 0.0,
    "meanResTime" : 2322.1,
    "medianResTime" : 1742.5,
    "minResTime" : 612.0,
    "maxResTime" : 5241.0,
    "pct1ResTime" : 5145.200000000001,
    "pct2ResTime" : 5241.0,
    "pct3ResTime" : 5241.0,
    "throughput" : 1.5441630636195183,
    "receivedKBytesPerSec" : 6.046966684681903,
    "sentKBytesPerSec" : 0.7856532774861026
  },
  "updateModal" : {
    "transaction" : "updateModal",
    "sampleCount" : 10,
    "errorCount" : 0,
    "errorPct" : 0.0,
    "meanResTime" : 298.5999999999999,
    "medianResTime" : 284.5,
    "minResTime" : 215.0,
    "maxResTime" : 400.0,
    "pct1ResTime" : 399.7,
    "pct2ResTime" : 400.0,
    "pct3ResTime" : 400.0,
    "throughput" : 10.0,
    "receivedKBytesPerSec" : 12.509765625,
    "sentKBytesPerSec" : 2.5390625
  },
  "olympiadTestCard" : {
    "transaction" : "olympiadTestCard",
    "sampleCount" : 10,
    "errorCount" : 0,
    "errorPct" : 0.0,
    "meanResTime" : 302.9,
    "medianResTime" : 313.0,
    "minResTime" : 229.0,
    "maxResTime" : 362.0,
    "pct1ResTime" : 361.7,
    "pct2ResTime" : 362.0,
    "pct3ResTime" : 362.0,
    "throughput" : 12.195121951219512,
    "receivedKBytesPerSec" : 19.390720274390244,
    "sentKBytesPerSec" : 3.167873475609756
  },
  "Total" : {
    "transaction" : "Total",
    "sampleCount" : 200,
    "errorCount" : 0,
    "errorPct" : 0.0,
    "meanResTime" : 760.6000000000004,
    "medianResTime" : 340.0,
    "minResTime" : 3.0,
    "maxResTime" : 6681.0,
    "pct1ResTime" : 1584.2000000000012,
    "pct2ResTime" : 4200.649999999998,
    "pct3ResTime" : 6253.840000000001,
    "throughput" : 14.916467780429594,
    "receivedKBytesPerSec" : 57.45097959240752,
    "sentKBytesPerSec" : 4.061605594607697
  },
  "checkLQLiveUpsell" : {
    "transaction" : "checkLQLiveUpsell",
    "sampleCount" : 10,
    "errorCount" : 0,
    "errorPct" : 0.0,
    "meanResTime" : 158.1,
    "medianResTime" : 120.0,
    "minResTime" : 88.0,
    "maxResTime" : 426.0,
    "pct1ResTime" : 407.80000000000007,
    "pct2ResTime" : 426.0,
    "pct3ResTime" : 426.0,
    "throughput" : 10.121457489878543,
    "receivedKBytesPerSec" : 2.747817560728745,
    "sentKBytesPerSec" : 2.708280617408907
  },
  "moengageAttributes" : {
    "transaction" : "moengageAttributes",
    "sampleCount" : 10,
    "errorCount" : 0,
    "errorPct" : 0.0,
    "meanResTime" : 174.3,
    "medianResTime" : 99.5,
    "minResTime" : 75.0,
    "maxResTime" : 544.0,