{
  "sub-user-0" : {
    "transaction" : "sub-user-0",
    "sampleCount" : 500,
    "errorCount" : 0,
    "errorPct" : 0.0,
    "meanResTime" : 85877.62999999999,
    "medianResTime" : 85960.0,
    "minResTime" : 7319.0,
    "maxResTime" : 165373.0,
    "pct1ResTime" : 149673.4,
    "pct2ResTime" : 157376.15,
    "pct3ResTime" : 164023.82,
    "throughput" : 2.183282171754442,
    "receivedKBytesPerSec" : 0.4392064396999297,
    "sentKBytesPerSec" : 0.5543404604760428
  },
  "test-state" : {
    "transaction" : "test-state",
    "sampleCount" : 500,
    "errorCount" : 0,
    "errorPct" : 0.0,
    "meanResTime" : 23410.10199999999,
    "medianResTime" : 23524.5,
    "minResTime" : 20.0,
    "maxResTime" : 45587.0,
    "pct1ResTime" : 41433.100000000006,
    "pct2ResTime" : 43385.95,
    "pct3ResTime" : 44763.99,
    "throughput" : 5.105896289034577,
    "receivedKBytesPerSec" : 1.5457303218757021,
    "sentKBytesPerSec" : 1.3662261554643302
  },
  "getTestState" : {
    "transaction" : "getTestState",
    "sampleCount" : 500,
    "errorCount" : 0,
    "errorPct" : 0.0,
    "meanResTime" : 17288.128,
    "medianResTime" : 16673.5,
    "minResTime" : 6571.0,
    "maxResTime" : 82417.0,
    "pct1ResTime" : 25089.700000000004,
    "pct2ResTime" : 26558.899999999998,
    "pct3ResTime" : 67599.94000000008,
    "throughput" : 3.745514746091555,
    "receivedKBytesPerSec" : 0.9071168525690486,
    "sentKBytesPerSec" : 0.9619608448570337
  },
  "sub-login" : {
    "transaction" : "sub-login",
    "sampleCount" : 500,
    "errorCount" : 0,
    "errorPct" : 0.0,
    "meanResTime" : 91889.63800000004,
    "medianResTime" : 92534.5,
    "minResTime" : 8685.0,
    "maxResTime" : 167197.0,
    "pct1ResTime" : 151679.1,
    "pct2ResTime" : 158996.55,
    "pct3ResTime" : 164871.64,
    "throughput" : 2.7452616783431796,
    "receivedKBytesPerSec" : 0.9141721388882788,
    "sentKBytesPerSec" : 0.7040791929067929
  },
  "getQuestionWiseAnalysis" : {
    "transaction" : "getQuestionWiseAnalysis",
    "sampleCount" : 500,
    "errorCount" : 0,
    "errorPct" : 0.0,
    "meanResTime" : 25476.263999999985,
    "medianResTime" : 25618.0,
    "minResTime" : 5135.0,
    "maxResTime" : 45333.0,
    "pct1ResTime" : 41790.4,
    "pct2ResTime" : 43697.35,
    "pct3ResTime" : 45064.94,
    "throughput" : 3.7027437331062316,
    "receivedKBytesPerSec" : 110.13752655561521,
    "sentKBytesPerSec" : 0.9835196083422817
  },
  "sub-user-1" : {
    "transaction" : "sub-user-1",
    "sampleCount" : 500,
    "errorCount" : 0,
    "errorPct" : 0.0,
    "meanResTime" : 49643.906,
    "medianResTime" : 47523.5,
    "minResTime" : 7317.0,
    "maxResTime" : 97392.0,
    "pct1ResTime" : 89672.3,
    "pct2ResTime" : 92295.25,
    "pct3ResTime" : 95656.78,
    "throughput" : 2.7329871549603717,
    "receivedKBytesPerSec" : 72.03957173237224,
    "sentKBytesPerSec" : 0.6965807768515988
  },
  "extras" : {
    "transaction" : "extras",
    "sampleCount" : 500,
    "errorCount" : 1,
    "errorPct" : 0.2,
    "meanResTime" : 18705.932000000004,
    "medianResTime" : 18637.5,
    "minResTime" : 9.0,
    "maxResTime" : 35317.0,
    "pct1ResTime" : 31157.600000000002,
    "pct2ResTime" : 32645.7,
    "pct3ResTime" : 33832.090000000004,
    "throughput" : 6.92444050520718,
    "receivedKBytesPerSec" : 7.895863772019721,
    "sentKBytesPerSec" : 1.7445938512699424
  },
  "testLeaderboard" : {
    "transaction" : "testLeaderboard",
    "sampleCount" : 500,
    "errorCount" : 0,
    "errorPct" : 0.0,
    "meanResTime" : 41791.46599999998,
    "medianResTime" : 42192.0,
    "minResTime" : 4300.0,
    "maxResTime" : 46492.0,
    "pct1ResTime" : 45846.3,
    "pct2ResTime" : 46143.95,
    "pct3ResTime" : 46327.93,
    "throughput" : 4.00708452544098,
    "receivedKBytesPerSec" : 36.11071875075133,
    "sentKBytesPerSec" : 1.0526423216246323
  },
  "menu" : {
    "transaction" : "menu",
    "sampleCount" : 500,
    "errorCount" : 0,
    "errorPct" : 0.0,
    "meanResTime" : 10485.366,
    "medianResTime" : 10159.0,
    "minResTime" : 8502.0,
    "maxResTime" : 26915.0,
    "pct1ResTime" : 11937.9,
    "pct2ResTime" : 12212.35,
    "pct3ResTime" : 21705.720000000023,
    "throughput" : 9.34020772621983,
    "receivedKBytesPerSec" : 4.745281589750056,
    "sentKBytesPerSec" : 2.3441185003829488
  },
  "userProfile" : {
    "transaction" : "userProfile",
    "sampleCount" : 500,
    "errorCount" : 0,
    "errorPct" : 0.0,
    "meanResTime" : 65300.37000000004,
    "medianResTime" : 68640.0,
    "minResTime" : 10236.0,
    "maxResTime" : 95640.0,
    "pct1ResTime" : 90340.40000000001,
    "pct2ResTime" : 92702.6,
    "pct3ResTime" : 94953.76,
    "throughput" : 3.7317331661516877,
    "receivedKBytesPerSec" : 4.996951057386593,
    "sentKBytesPerSec" : 0.9474885085941815
  },
  "referral_page" : {
    "transaction" : "referral_page",
    "sampleCount" : 500,
    "errorCount" : 0,
    "errorPct" : 0.0,
    "meanResTime" : 10347.397999999992,
    "medianResTime" : 10223.0,
    "minResTime" : 8549.0,
    "maxResTime" : 19477.0,
    "pct1ResTime" : 11836.800000000001,
    "pct2ResTime" : 12067.75,
    "pct3ResTime" : 12247.720000000001,
    "throughput" : 10.84763413099603,
    "receivedKBytesPerSec" : 187.66676118797864,
    "sentKBytesPerSec" : 2.817778899453279
  },
  "get-priority" : {
    "transaction" : "get-priority",
    "sampleCount" : 500,
    "errorCount" : 0,
    "errorPct" : 0.0,
    "meanResTime" : 18791.456000000006,
    "medianResTime" : 18218.5,
    "minResTime" : 6714.0,
    "maxResTime" : 31301.0,
    "pct1ResTime" : 29522.5,
    "pct2ResTime" : 30425.149999999998,
    "pct3ResTime" : 31166.95,
    "throughput" : 7.49985000299994,
    "receivedKBytesPerSec" : 3.2446226075478486,
    "sentKBytesPerSec" : 1.9994277848818023
  },
  "sub-user" : {
    "transaction" : "sub-user",
    "sampleCount" : 500,
    "errorCount" : 0,
    "errorPct" : 0.0,
    "meanResTime" : 135522.74399999986,
    "medianResTime" : 131392.0,
    "minResTime" : 76195.0,
    "maxResTime" : 182993.0,
    "pct1ResTime" : 171538.7,
    "pct2ResTime" : 174085.85,
    "pct3ResTime" : 179592.97,
    "throughput" : 1.7063506960204489,
    "receivedKBytesPerSec" : 45.32143767831364,
    "sentKBytesPerSec" : 0.868159240059654
  },
  "updateModal" : {
    "transaction" : "updateModal",
    "sampleCount" : 500,
    "errorCount" : 0,
    "errorPct" : 0.0,
    "meanResTime" : 22094.494000000006,
    "medianResTime" : 22698.0,
    "minResTime" : 9295.0,
    "maxResTime" : 31192.0,
    "pct1ResTime" : 29845.8,
    "pct2ResTime" : 30494.5,
    "pct3ResTime" : 31090.9,
    "throughput" : 9.030650026188885,
    "receivedKBytesPerSec" : 11.297731218505609,
    "sentKBytesPerSec" : 2.2928855692470247
  },
  "olympiadTestCard" : {
    "transaction" : "olympiadTestCard",
    "sampleCount" : 500,
    "errorCount" : 0,
    "errorPct" : 0.0,
    "meanResTime" : 16629.515999999996,
    "medianResTime" : 16763.5,
    "minResTime" : 9786.0,
    "maxResTime" : 21215.0,
    "pct1ResTime" : 20393.4,
    "pct2ResTime" : 20710.75,
    "pct3ResTime" : 21091.0,
    "throughput" : 11.058766284033354,
    "receivedKBytesPerSec" : 17.567217427786257,
    "sentKBytesPerSec" : 2.872622538042156
  },
  "Total" : {
    "transaction" : "Total",
    "sampleCount" : 10000,
    "errorCount" : 4,
    "errorPct" : 0.04,
    "meanResTime" : 35910.356799999994,
    "medianResTime" : 21254.0,
    "minResTime" : 7.0,
    "maxResTime" : 182993.0,
    "pct1ResTime" : 93914.4,
    "pct2ResTime" : 131055.4,
    "pct3ResTime" : 163709.34999999998,
    "throughput" : 17.022522499519116,
    "receivedKBytesPerSec" : 104.99880037762338,
    "sentKBytesPerSec" : 4.635084926960611
  },
  "checkLQLiveUpsell" : {
    "transaction" : "checkLQLiveUpsell",
    "sampleCount" : 500,
    "errorCount" : 2,
    "errorPct" : 0.4,
    "meanResTime" : 6278.898000000004,
    "medianResTime" : 6115.0,
    "minResTime" : 7.0,
    "maxResTime" : 16657.0,
    "pct1ResTime" : 6958.8,