{
  "sub-user-0" : {
    "transaction" : "sub-user-0",
    "sampleCount" : 100,
    "errorCount" : 0,
    "errorPct" : 0.0,
    "meanResTime" : 20767.97000000001,
    "medianResTime" : 20196.0,
    "minResTime" : 1299.0,
    "maxResTime" : 41813.0,
    "pct1ResTime" : 37748.4,
    "pct2ResTime" : 40260.0,
    "pct3ResTime" : 41812.09,
    "throughput" : 1.9113149847094801,
    "receivedKBytesPerSec" : 0.38450281918960244,
    "sentKBytesPerSec" : 0.48529482033639143
  },
  "test-state" : {
    "transaction" : "test-state",
    "sampleCount" : 100,
    "errorCount" : 0,
    "errorPct" : 0.0,
    "meanResTime" : 3875.6700000000014,
    "medianResTime" : 3848.5,
    "minResTime" : 191.0,
    "maxResTime" : 7397.0,
    "pct1ResTime" : 6706.7,
    "pct2ResTime" : 7169.45,
    "pct3ResTime" : 7396.95,
    "throughput" : 12.280486307257767,
    "receivedKBytesPerSec" : 3.717725346923738,
    "sentKBytesPerSec" : 3.285989500184207
  },
  "getTestState" : {
    "transaction" : "getTestState",
    "sampleCount" : 100,
    "errorCount" : 0,
    "errorPct" : 0.0,
    "meanResTime" : 3629.4900000000007,
    "medianResTime" : 3426.0,
    "minResTime" : 1661.0,
    "maxResTime" : 6113.0,
    "pct1ResTime" : 5735.8,
    "pct2ResTime" : 5885.8,
    "pct3ResTime" : 6112.07,
    "throughput" : 9.73141300116777,
    "receivedKBytesPerSec" : 2.3568265862203193,
    "sentKBytesPerSec" : 2.48987324834566
  },
  "getQuestionWiseAnalysis" : {
    "transaction" : "getQuestionWiseAnalysis",
    "sampleCount" : 100,
    "errorCount" : 0,
    "errorPct" : 0.0,
    "meanResTime" : 4504.48,
    "medianResTime" : 4427.0,
    "minResTime" : 1399.0,
    "maxResTime" : 7776.0,
    "pct1ResTime" : 7121.800000000001,
    "pct2ResTime" : 7389.8,
    "pct3ResTime" : 7774.329999999999,
    "throughput" : 10.625863351397301,
    "receivedKBytesPerSec" : 254.3254735150356,
    "sentKBytesPerSec" : 2.8121181330358094
  },
  "sub-user-1" : {
    "transaction" : "sub-user-1",
    "sampleCount" : 100,
    "errorCount" : 0,
    "errorPct" : 0.0,
    "meanResTime" : 20079.000000000004,
    "medianResTime" : 19836.0,
    "minResTime" : 2546.0,
    "maxResTime" : 37419.0,
    "pct1ResTime" : 34441.4,
    "pct2ResTime" : 36249.8,
    "pct3ResTime" : 37416.57,
    "throughput" : 2.4033839646221877,
    "receivedKBytesPerSec" : 121.35915494015575,
    "sentKBytesPerSec" : 0.6125812644203038
  },
  "Send OTP Result" : {
    "transaction" : "Send OTP Result",
    "sampleCount" : 100,
    "errorCount" : 0,
    "errorPct" : 0.0,
    "meanResTime" : 30662.019999999993,
    "medianResTime" : 31183.0,
    "minResTime" : 26378.0,
    "maxResTime" : 35035.0,
    "pct1ResTime" : 33709.4,
    "pct2ResTime" : 34287.049999999996,
    "pct3ResTime" : 35030.79,
    "throughput" : 1.6507370540946533,
    "receivedKBytesPerSec" : 0.4073483849601347,
    "sentKBytesPerSec" : 0.38527944914904505
  },
  "extras" : {
    "transaction" : "extras",
    "sampleCount" : 100,
    "errorCount" : 0,
    "errorPct" : 0.0,
    "meanResTime" : 3978.609999999999,
    "medianResTime" : 3942.5,
    "minResTime" : 872.0,
    "maxResTime" : 7505.0,
    "pct1ResTime" : 6593.000000000001,
    "pct2ResTime" : 6827.65,
    "pct3ResTime" : 7502.749999999999,
    "throughput" : 8.949346697691068,
    "receivedKBytesPerSec" : 10.312723733667443,
    "sentKBytesPerSec" : 2.2460762708072313
  },
  "Result Login Validation" : {
    "transaction" : "Result Login Validation",
    "sampleCount" : 100,
    "errorCount" : 0,
    "errorPct" : 0.0,
    "meanResTime" : 20826.79,
    "medianResTime" : 21002.5,
    "minResTime" : 3555.0,
    "maxResTime" : 38344.0,
    "pct1ResTime" : 35199.700000000004,
    "pct2ResTime" : 36515.35,
    "pct3ResTime" : 38337.32,
    "throughput" : 2.6076299251610213,
    "receivedKBytesPerSec" : 0.723209862056377,
    "sentKBytesPerSec" : 0.634081886098725
  },
  "testLeaderboard" : {
    "transaction" : "testLeaderboard",
    "sampleCount" : 100,
    "errorCount" : 0,
    "errorPct" : 0.0,
    "meanResTime" : 7160.549999999998,
    "medianResTime" : 7210.0,
    "minResTime" : 4534.0,
    "maxResTime" : 7635.0,
    "pct1ResTime" : 7419.5,
    "pct2ResTime" : 7491.85,
    "pct3ResTime" : 7634.75,
    "throughput" : 6.516356053694773,
    "receivedKBytesPerSec" : 42.89085918154568,
    "sentKBytesPerSec" : 1.7054525609279292
  },
  "menu" : {
    "transaction" : "menu",
    "sampleCount" : 100,
    "errorCount" : 0,
    "errorPct" : 0.0,
    "meanResTime" : 2580.629999999999,
    "medianResTime" : 2643.5,
    "minResTime" : 2192.0,
    "maxResTime" : 2855.0,
    "pct1ResTime" : 2792.2,
    "pct2ResTime" : 2810.5499999999997,
    "pct3ResTime" : 2854.79,
    "throughput" : 14.664906877841325,
    "receivedKBytesPerSec" : 7.762089382607421,
    "sentKBytesPerSec" : 3.6662267194603313
  },
  "Submit OTP Result" : {
    "transaction" : "Submit OTP Result",
    "sampleCount" : 100,
    "errorCount" : 0,
    "errorPct" : 0.0,
    "meanResTime" : 35941.25,
    "medianResTime" : 35835.0,
    "minResTime" : 27122.0,
    "maxResTime" : 43692.0,
    "pct1ResTime" : 42284.0,
    "pct2ResTime" : 42785.3,
    "pct3ResTime" : 43691.54,
    "throughput" : 1.4343909575994032,
    "receivedKBytesPerSec" : 0.5575074229732057,
    "sentKBytesPerSec" : 0.3613992842389122
  },
  "userProfile" : {
    "transaction" : "userProfile",
    "sampleCount" : 100,
    "errorCount" : 0,
    "errorPct" : 0.0,
    "meanResTime" : 21585.620000000006,
    "medianResTime" : 22131.0,
    "minResTime" : 4315.0,
    "maxResTime" : 36581.0,
    "pct1ResTime" : 33766.1,
    "pct2ResTime" : 35607.7,
    "pct3ResTime" : 36580.55,
    "throughput" : 2.3053692048781613,
    "receivedKBytesPerSec" : 3.0640698123429466,
    "sentKBytesPerSec" : 0.5830963125619568
  },
  "referral_page" : {
    "transaction" : "referral_page",
    "sampleCount" : 100,
    "errorCount" : 0,
    "errorPct" : 0.0,
    "meanResTime" : 2954.2399999999993,
    "medianResTime" : 2997.5,
    "minResTime" : 2189.0,
    "maxResTime" : 5847.0,
    "pct1ResTime" : 3265.1,
    "pct2ResTime" : 3332.2,
    "pct3ResTime" : 5841.689999999997,
    "throughput" : 10.191602119853242,
    "receivedKBytesPerSec" : 175.97433308703629,
    "sentKBytesPerSec" : 2.637475157969833
  },
  "get-priority" : {
    "transaction" : "get-priority",
    "sampleCount" : 100,
    "errorCount" : 0,
    "errorPct" : 0.0,
    "meanResTime" : 4628.29,
    "medianResTime" : 4567.5,
    "minResTime" : 1764.0,
    "maxResTime" : 7060.0,
    "pct1ResTime" : 6705.6,
    "pct2ResTime" : 6908.7,
    "pct3ResTime" : 7059.41,
    "throughput" : 10.116337885685383,
    "receivedKBytesPerSec" : 4.53456942336874,
    "sentKBytesPerSec" : 2.6871522508851795
  },
  "sub-user" : {
    "transaction" : "sub-user",
    "sampleCount" : 100,
    "errorCount" : 0,
    "errorPct" : 0.0,
    "meanResTime" : 40846.929999999986,
    "medianResTime" : 40148.0,
    "minResTime" : 38438.0,
    "maxResTime" : 44361.0,
    "pct1ResTime" : 43583.5,
    "pct2ResTime" : 43989.45,
    "pct3ResTime" : 44360.73,
    "throughput" : 1.1987101878378865,
    "receivedKBytesPerSec" : 60.77015818479316,
    "sentKBytesPerSec" : 0.6098906326792372
  },
  "updateModal" : {
    "transaction" : "updateModal",
    "sampleCount" : 100,
    "errorCount" : 0,
    "errorPct" : 0.0,
    "meanResTime" : 4695.680000000002,
    "medianResTime" : 4742.0,
    "minResTime" : 2775.0,
    "maxResTime" : 6882.0,
    "pct1ResTime" : 6323.2,
    "pct2ResTime" : 6515.299999999999,
    "pct3ResTime" : 6881.03,
    "throughput" : 9.17094644167278,
    "receivedKBytesPerSec" : 11.490551059244314,
    "sentKBytesPerSec" : 2.3196046175715335
  },
  "olympiadTestCard" : {
    "transaction" : "olympiadTestCard",
    "sampleCount" : 100,
    "errorCount" : 0,
    "errorPct" : 0.0,
    "meanResTime" : 7460.849999999999,
    "medianResTime" : 7387.5,
    "minResTime" : 3519.0,
    "maxResTime" : 11827.0,
    "pct1ResTime" : 10938.2,
    "pct2ResTime" : 11432.15,
    "pct3ResTime" : 11824.96,