{
  "sub-user-0" : {
    "transaction" : "sub-user-0",
    "sampleCount" : 50,
    "errorCount" : 0,
    "errorPct" : 0.0,
    "meanResTime" : 7785.98,
    "medianResTime" : 7379.5,
    "minResTime" : 201.0,
    "maxResTime" : 15403.0,
    "pct1ResTime" : 14402.8,
    "pct2ResTime" : 15396.25,
    "pct3ResTime" : 15403.0,
    "throughput" : 2.235136343316942,
    "receivedKBytesPerSec" : 0.449646569065713,
    "sentKBytesPerSec" : 0.5675150871703174
  },
  "test-state" : {
    "transaction" : "test-state",
    "sampleCount" : 50,
    "errorCount" : 0,
    "errorPct" : 0.0,
    "meanResTime" : 2055.480000000001,
    "medianResTime" : 2166.5,
    "minResTime" : 3.0,
    "maxResTime" : 4089.0,
    "pct1ResTime" : 3795.3999999999996,
    "pct2ResTime" : 3998.6999999999994,
    "pct3ResTime" : 4089.0,
    "throughput" : 10.690613641223006,
    "receivedKBytesPerSec" : 3.2364162390421214,
    "sentKBytesPerSec" : 2.860574353217875
  },
  "getTestState" : {
    "transaction" : "getTestState",
    "sampleCount" : 50,
    "errorCount" : 0,
    "errorPct" : 0.0,
    "meanResTime" : 1907.6000000000001,
    "medianResTime" : 1849.0,
    "minResTime" : 812.0,
    "maxResTime" : 2905.0,
    "pct1ResTime" : 2838.4,
    "pct2ResTime" : 2878.0,
    "pct3ResTime" : 2905.0,
    "throughput" : 6.947339169098235,
    "receivedKBytesPerSec" : 1.682558705015979,
    "sentKBytesPerSec" : 1.7843263686258164
  },
  "sub-login" : {
    "transaction" : "sub-login",
    "sampleCount" : 50,
    "errorCount" : 0,
    "errorPct" : 0.0,
    "meanResTime" : 10437.9,
    "medianResTime" : 10582.5,
    "minResTime" : 2191.0,
    "maxResTime" : 18992.0,
    "pct1ResTime" : 17673.6,
    "pct2ResTime" : 18141.6,
    "pct3ResTime" : 18992.0,
    "throughput" : 2.625774603508035,
    "receivedKBytesPerSec" : 0.8744034568322654,
    "sentKBytesPerSec" : 0.6733163040909568
  },
  "getQuestionWiseAnalysis" : {
    "transaction" : "getQuestionWiseAnalysis",
    "sampleCount" : 50,
    "errorCount" : 0,
    "errorPct" : 0.0,
    "meanResTime" : 2448.6999999999994,
    "medianResTime" : 2432.5,
    "minResTime" : 219.0,
    "maxResTime" : 4336.0,
    "pct1ResTime" : 4069.1,
    "pct2ResTime" : 4275.799999999999,
    "pct3ResTime" : 4336.0,
    "throughput" : 9.18105031215571,
    "receivedKBytesPerSec" : 264.7700146896805,
    "sentKBytesPerSec" : 2.4387164891663606
  },
  "sub-user-1" : {
    "transaction" : "sub-user-1",
    "sampleCount" : 50,
    "errorCount" : 0,
    "errorPct" : 0.0,
    "meanResTime" : 4347.96,
    "medianResTime" : 4760.0,
    "minResTime" : 841.0,
    "maxResTime" : 7010.0,
    "pct1ResTime" : 6482.7,
    "pct2ResTime" : 6750.45,
    "pct3ResTime" : 7010.0,
    "throughput" : 4.672897196261682,
    "receivedKBytesPerSec" : 69.42446699766356,
    "sentKBytesPerSec" : 1.1910411799065421
  },
  "extras" : {
    "transaction" : "extras",
    "sampleCount" : 50,
    "errorCount" : 0,
    "errorPct" : 0.0,
    "meanResTime" : 1981.0199999999998,
    "medianResTime" : 1994.0,
    "minResTime" : 496.0,
    "maxResTime" : 4180.0,
    "pct1ResTime" : 3250.6,
    "pct2ResTime" : 3452.15,
    "pct3ResTime" : 4180.0,
    "throughput" : 4.639510067736847,
    "receivedKBytesPerSec" : 5.296925019717918,
    "sentKBytesPerSec" : 1.1689390600352603
  },
  "testLeaderboard" : {
    "transaction" : "testLeaderboard",
    "sampleCount" : 50,
    "errorCount" : 0,
    "errorPct" : 0.0,
    "meanResTime" : 3705.36,
    "medianResTime" : 3687.0,
    "minResTime" : 2726.0,
    "maxResTime" : 4413.0,
    "pct1ResTime" : 4276.3,
    "pct2ResTime" : 4361.0,
    "pct3ResTime" : 4413.0,
    "throughput" : 4.001600640256102,
    "receivedKBytesPerSec" : 36.061299519807925,
    "sentKBytesPerSec" : 1.051201730692277
  },
  "menu" : {
    "transaction" : "menu",
    "sampleCount" : 50,
    "errorCount" : 0,
    "errorPct" : 0.0,
    "meanResTime" : 1009.38,
    "medianResTime" : 994.0,
    "minResTime" : 802.0,
    "maxResTime" : 1801.0,
    "pct1ResTime" : 1116.0,
    "pct2ResTime" : 1352.899999999998,
    "pct3ResTime" : 1801.0,
    "throughput" : 9.875567845151096,
    "receivedKBytesPerSec" : 5.018601557870828,
    "sentKBytesPerSec" : 2.4785360705115544
  },
  "userProfile" : {
    "transaction" : "userProfile",
    "sampleCount" : 50,
    "errorCount" : 0,
    "errorPct" : 0.0,
    "meanResTime" : 4017.8000000000006,
    "medianResTime" : 3720.5,
    "minResTime" : 1031.0,
    "maxResTime" : 6214.0,
    "pct1ResTime" : 5855.4,
    "pct2ResTime" : 5909.2,
    "pct3ResTime" : 6214.0,
    "throughput" : 4.216207100092757,
    "receivedKBytesPerSec" : 5.652682034741546,
    "sentKBytesPerSec" : 1.0705213340079265
  },
  "referral_page" : {
    "transaction" : "referral_page",
    "sampleCount" : 50,
    "errorCount" : 0,
    "errorPct" : 0.0,
    "meanResTime" : 1213.8400000000006,
    "medianResTime" : 1177.5,
    "minResTime" : 832.0,
    "maxResTime" : 1799.0,
    "pct1ResTime" : 1503.8,
    "pct2ResTime" : 1533.6,
    "pct3ResTime" : 1799.0,
    "throughput" : 10.185373803218578,
    "receivedKBytesPerSec" : 176.18210016041965,
    "sentKBytesPerSec" : 2.645809991851701
  },
  "get-priority" : {
    "transaction" : "get-priority",
    "sampleCount" : 50,
    "errorCount" : 0,
    "errorPct" : 0.0,
    "meanResTime" : 1692.9199999999996,
    "medianResTime" : 1662.5,
    "minResTime" : 945.0,
    "maxResTime" : 2594.0,
    "pct1ResTime" : 2444.6,
    "pct2ResTime" : 2576.65,
    "pct3ResTime" : 2594.0,
    "throughput" : 9.295408068414202,
    "receivedKBytesPerSec" : 4.023713457427031,
    "sentKBytesPerSec" : 2.4781703151143337
  },
  "sub-user" : {
    "transaction" : "sub-user",
    "sampleCount" : 50,
    "errorCount" : 0,
    "errorPct" : 0.0,
    "meanResTime" : 12134.119999999999,
    "medianResTime" : 12284.5,
    "minResTime" : 6934.0,
    "maxResTime" : 18969.0,
    "pct1ResTime" : 15818.6,
    "pct2ResTime" : 17335.999999999993,
    "pct3ResTime" : 18969.0,
    "throughput" : 1.915929033988581,
    "receivedKBytesPerSec" : 28.85007436199563,
    "sentKBytesPerSec" : 0.9748037370195808
  },
  "updateModal" : {
    "transaction" : "updateModal",
    "sampleCount" : 50,
    "errorCount" : 0,
    "errorPct" : 0.0,
    "meanResTime" : 1791.26,
    "medianResTime" : 1763.5,
    "minResTime" : 935.0,
    "maxResTime" : 2518.0,
    "pct1ResTime" : 2417.7,
    "pct2ResTime" : 2494.8,
    "pct3ResTime" : 2518.0,
    "throughput" : 8.689607229753214,
    "receivedKBytesPerSec" : 10.871004138425445,
    "sentKBytesPerSec" : 2.2063455856795273
  },
  "olympiadTestCard" : {
    "transaction" : "olympiadTestCard",
    "sampleCount" : 50,
    "errorCount" : 0,
    "errorPct" : 0.0,
    "meanResTime" : 1737.62,
    "medianResTime" : 1750.0,
    "minResTime" : 769.0,
    "maxResTime" : 2085.0,
    "pct1ResTime" : 1998.6,
    "pct2ResTime" : 2051.75,
    "pct3ResTime" : 2085.0,
    "throughput" : 10.216591744993869,
    "receivedKBytesPerSec" : 16.230811963628934,
    "sentKBytesPerSec" : 2.6539193400081733
  },
  "Total" : {
    "transaction" : "Total",
    "sampleCount" : 1000,
    "errorCount" : 0,
    "errorPct" : 0.0,
    "meanResTime" : 3326.7580000000034,
    "medianResTime" : 2025.0,
    "minResTime" : 3.0,
    "maxResTime" : 18992.0,
    "pct1ResTime" : 8109.899999999993,
    "pct2ResTime" : 12796.649999999996,
    "pct3ResTime" : 16676.870000000003,
    "throughput" : 18.184463194646494,
    "receivedKBytesPerSec" : 90.21727734261347,
    "sentKBytesPerSec" : 4.951519226660242
  },
  "checkLQLiveUpsell" : {
    "transaction" : "checkLQLiveUpsell",
    "sampleCount" : 50,
    "errorCount" : 0,
    "errorPct" : 0.0,
    "meanResTime" : 792.4399999999998,
    "medianResTime" : 732.5,
    "minResTime" : 645.0,
    "maxResTime" : 3109.0,
    "pct1ResTime" : 798.8,
    "pct2ResTime" : 1109.1499999999971,
    "pct3ResTime" : 3109.0,
    "throughput" : 10.319917440660475,
    "receivedKBytesPerSec" : 2.8018978973168216,
    "sentKBytesPerSec" : 2.7613841589267287
  },